Reqs,ReqsValues
1,7705
baccalaureate,2357
degree,5018
major,673
fine,12
graphic,18
arts,20
accredited,5943
college,5679
one,4885
year,4973
full-time,4285
paid,163
experience,14258
commercial,29
artist,8
2,5005
four-year,1564
high,2339
school,3500
diploma,1993
educational,2044
equivalent,4323
plus,484
two,2427
years,7279
training,205
technical,530
approved,1393
stateâ€™s,67
Department,974
Education,2992
comparable,171
governmental,122
agency,489
oils,4
water,72
colors,4
painting,8
design,708
black,4
white,4
layout,9
computer,1922
graphics,8
art,24
media,16
three,1316
acceptable,576
qualified,29
assignment,320
Assignment,2721
Level,2460
II,1163
individuals,611
must,5731
have:,160
least,3300
Graphic,4
Artist,4
b,311
Qualification,964
Requirements,929
described,4996
additional,839
specialized,802
conceptualizing,4
initiating,4
projects,246
"1.	A",9
community,1048
work,1776
centered,449
activities,586
area,1280
related,1795
duties,893
"2.	High",1
graduation,304
six,1011
"3.	Education",3
However,1572
candidates,2439
university,1997
five,582
acquired,361
within,492
last,459
fifteen,90
supervisory,1689
administrative,1970
including,1685
handling,36
business,592
promotion,114
urban,346
economic,407
problems,29
managerial,1302
executive,1180
capacity,1719
primary,32
focus,32
planning,1203
satisfactory,4908
combination,1106
education,2356
Appropriate,28
graduate,997
study,453
may,1622
substituted,1394
general,221
year-for-year,43
basis,598
State's,743
recognized,1728
accrediting,1656
organization,1198
Baccalaureate,73
environmental,880
chemical,150
mechanical,338
petroleum,8
aeronautical,8
materials,45
engineering,2084
technology,1331
Six,145
10,84
responsible,874
charge,20
operation,268
plants,61
facilities,63
utilizing,37
tension,24
electrical,410
equipment,115
600,30
volts,24
troubleshooting,79
repairing,27
following:,384
generating,12
stations,36
switching,12
treatment,37
wastewater,24
pumping,12
volume,12
ventilation,34
systems,1207
Three,76
civil,633
3,2446
Five,87
associate,386
Science,111
Applied,12
Water,24
Quality,12
Monitoring,52
Wastewater,16
Treatment,16
Plant,16
Operations,24
Environmental,51
Health,367
Control,102
Electrical,28
Technology,279
Mechanical,22
4,874
four,1331
electrician,86
5,133
6,497
60,483
semester,1988
credits,2431
leading,139
disciplines,277
except,12
qualify,100
License,586
Requirement,294
Must,8
possess,451
motor,134
vehicle,114
driver,111
license,922
valid,940
State,1507
maintained,417
duration,561
employment,654
Possession,86
practice,242
medicine,172
either:,133
Valid,66
Board,187
Certification,130
issued,174
appropriate,1052
American,148
Specialty,98
specialty,166
required,1090
Current,149
application,38
file,36
admission,315
certifying,35
examination,118
given,129
assigned,591
addition,1015
meeting,965
minimum,889
qualification,599
requirements,884
practicing,39
III,673
possess:,66
Master's,382
Public,264
supplemented,658
epidemiology,68
biostatistics,32
Completion,125
Epidemic,32
Intelligence,32
Service,60
program,885
Center,34
Disease,66
Prevention,32
used,112
substitute,109
c,176
receipt,38
eligibility,83
IV,214
residency,44
hospital,105
either,376
internal,42
family,62
pediatrics,39
another,120
Mental,72
Hygiene,72
board,79
certification,102
Subspecialty,32
Infectious,32
Pulmonary,32
Medicine,32
subspecialty,64
fellowship,32
infectious,32
diseases,48
pulmonary,32
architecture,653
landscape,437
administration,1863
public,1694
administering,226
expediting,214
construction,547
coordinating,234
large,340
project,1537
nine,149
law,699
Professional,503
Engineer,352
Registered,295
Architect,324
Landscape,157
completion,165
evening,20
day,64
twenty,16
current,143
matriculation,18
attendance,18
Maximum,85
tenure,85
position,611
upon,277
whichever,8
sooner,8
conditional,10
continuance,239
student,455
Four,129
Engineerâ€™s,111
registration,168
masters,261
regional,526
national,531
professional,1613
agencies,705
bodies,524
U.S,509
Secretary,526
Council,538
Higher,524
Accreditation,524
CHEA,524
â€œ1,314
Special,320
Note:,234
eligible,430
placement,514
Levels,366
contributor,449
leader,449
complex,694
requiring,129
specific,262
expertise,106
needed,122
construct,108
physical,920
biological,917
sciences,740
health,1279
master's,703
specialization,939
field,1696
science,1399
appointed,223
doctorate,142
social,745
research,890
Two,233
Research,150
Scientist,140
NOTE:,470
Probationary,140
Period,186
Appointments,217
subject,169
probationary,182
period,179
Degree,51
Marine,16
Engineering,36
Naval,8
Architecture,31
marine,27
operations,437
maintenance,228
repair,97
writing,38
contracts,22
specifications,8
vessels,12
managing,167
dry,4
dockings,4
closely,269
Seagoing,4
Chief,16
1st,4
Assistant,48
United,181
States,181
Coast,22
Guard,18
Steam,26
Motor,145
Vessel,4
horsepower,10
discipline,8
formal,67
Vehicle,129
Driver's,12
Ability,12
read,28
understand,36
obey,10
orders,12
certain,88
medical,161
mechanic,42
journey,10
person,70
helper,120
trades,74
buildings,35
trade,135
vocational,117
Stateâ€™s,334
months,1938
painter,14
sufficient,72
apprentice,94
make,148
total,182
credited,89
accepted,127
SPECIAL,154
procurement,98
goods,28
services,622
construction-related,28
contract,150
negotiation/management,78
18,739
â€œ1â€,765
one-half,70
full,103
time,256
â€œ2â€,283
â€œ3â€,262
College,244
rate,131
30,691
NOTES:,28
served,165
spent,30
performing,794
performed,47
16,29
chemistry,206
8,3
following,521
areas:,61
pharmacology,1
toxicology,25
forensic,85
natural,25
Certificate,31
appointment,334
clinical,15
laboratory,90
Clinical,17
Laboratory,1
Technologist,1
Additional,116
fulltime,75
analyses,32
areas,848
One,353
supervising,365
employees,78
management,1343
architectural,405
value,66
"$1,000,000 ",54
credit,368
bachelorâ€™s,54
Masters,61
Experience,270
primarily,235
nature,102
towards,100
manager,110
i.e.,148
biology,176
botany,84
geology,104
physics,108
physiology,75
zoology,75
12,306
technician,86
assisting,48
sanitarians,30
engineers,49
carrying,30
various,84
elements,32
prevention,30
control,189
programs,227
affecting,38
publicâ€™s,30
Medical,118
Requirement:,156
guidelines,59
established,78
Sanitarian,60
Candidates,185
examined,55
determine,95
whether,71
perform,127
essential,114
functions,118
reasonable,55
accommodation,55
provided,57
disability,57
enable,57
take,61
/or,49
job,57
economics,171
finance,157
accounting,459
human,287
resources,224
organizational,212
behavior,105
industrial,222
psychology,335
statistics,137
personnel,453
labor,288
relations,452
sociology,154
development,745
political,139
studies,156
working,235
budget,322
private,113
concern,99
financial,275
fiscal,256
methods,99
analysis,307
evaluation,256
recruitment,105
classification,111
employee,125
benefits,101
staff,577
planning/administration,107
market,119
planning/evaluation,97
Supervision,57
included,82
inspection,67
building,68
journeyperson,16
skilled,10
engineer,59
registered,49
architect,60
examining,55
architects,30
duly,15
pursuant,22
laws,84
state,108
territory,15
structural,18
bridge,10
sanitary,10
"1,",4
equal,81
Driver,230
Employees,38
maintain,29
plumber's,2
plumber,9
less,35
relevant,180
apprenticeship,24
Labor,21
council,7
schooling,12
state's,15
Bachelor's,6
responsibilities,69
consultative,118
Electronic,6
using,194
medium,4
voltage,4
alternating,4
variable,4
frequency,4
drives,8
power,11
Programmable,4
Logic,4
Controller,4
computer-system,2
department,570
clerical,151
Skills,129
Keyboard,125
familiarity,129
ability,172
type,149
100,125
key,131
strokes,125
20,125
words,129
per,129
minute,129
study:,5
limnology,5
earth,17
24,398
part,29
undergraduate,51
course,437
quality,90
sampling,5
Note,108
progressively,423
clerical/administrative,375
independent,26
decision-making,24
concerning,32
allocation,26
scheduling,20
supervision,272
moderate,105
difficulty,105
level,190
maximum,244
3Â½,75
twenty-four,89
programming,1123
sixty,77
equated,86
certificate,151
625,33
hours,230
post,37
attempt,18
option,18
examples,26
unacceptable,18
are:,18
End,18
users,18
system,212
software,493
package,18
end,139
user,284
support,126
data,1539
entry/data,18
retrieval,18
assurance,83
QA,79
hardware,248
installation,175
help,83
desk,77
teaching,54
telecommunications,386
Microsoft,22
Office,144
Suite/Back,18
products,32
classroom,253
based,259
wide,27
network,95
configuration,55
integration,55
performance,124
monitoring,121
enhancement,55
security,153
information,816
designing,77
debugging,53
maintaining,70
implementing,59
enhancing,53
applications,494
communication,145
database,304
order,85
Project,113
Leader,61
Major,91
Contributor,61
explain,61
detail,65
qualifies,61
stated,55
operating,86
communications,74
on-line,55
I:,77
Matriculation,242
Employment,235
conditioned,231
Information,243
Technology):,77
processing,860
9,160
Fellow):,77
project(s,77
made,209
Steering,77
Committee,83
Telecommunications,91
NOTE,111
title,171
Aide,87
shall,126
employed,155
half-time,77
week,77
classes,77
enrolled,105
session,77
Students,77
vacation,77
periods,91
seven,64
mainframe,144
mid-range,20
LAN,20
WAN,20
environments,10
tape,20
library,26
entry,27
production,31
Undergraduate,109
masterâ€™s,212
gardening,18
planting,21
cultivating,18
caring,18
trees,24
shrubs,24
lawns,18
horticulture,18
botanic,9
containing,12
college-level,12
courses,83
offered,11
Botanical,18
Garden,18
Brooklyn,11
etc.,9
Thirty,11
agriculture,9
agronomy,9
plant,18
pathology,29
entomology,23
forestry,9
floriculture,9
crop,9
Gardener,27
propagating,9
Commercial,54
Pesticide,13
Applicator,13
Category,9
3A,9
conservation,13
involving,83
case,89
finding,29
interviewing,76
investigating,49
twelve,113
Twelve,29
ten,71
low,4
pressure,10
boilers,10
consisting,7
combines,2
boiler,2
room,2
instruction,2
Satisfactory,13
Fundamentals,2
Heating,2
organizations,19
Housing,6
Authority,4
investigator,15
evaluating,38
worthiness,12
searching,15
assets,13
verifying,12
personal,48
qualifications,19
bearing,12
character,15
fitness,12
investigations,87
compilation,14
location,12
evidence,41
build,15
uncover,13
criminal,108
corrupt,13
unlawful,13
unethical,13
data/information,162
networks,178
base,162
continued,162
types,167
acceptable:,164
superficial,162
use,495
preprogrammed,162
without,204
implementation,185
product,162
word,178
packages,162
hand,162
held,162
calculator,162
entering,162
updating,166
consoles,162
paralegal,52
legal,390
assistant,48
Paralegal,22
obtained,68
Bar,272
Association,14
involved,18
Legal,12
System,32
secretarial,37
includes,36
incidental,10
Individuals,14
pertinent,107
listed,208
pay,10
remaining,36
specification,2
closed,2
Professional/vendor,21
certification(s,40
local,54
filled,21
Requirements:,162
Incumbents,132
update,21
existing,27
obtain,81
industry-standard,19
future,23
environment(s,4
determined,21
employing,19
inspections,121
assure,114
compliance,158
rules,63
regulations,79
governing,63
food,150
drugs,64
conditions,49
Furthermore,49
Section,99
11.112,49
Sanitary,30
Code,38
sanitarian,59
interpretation,14
conducting,86
relative,6
issues,74
providing,114
completed,70
involves,15
gathering,9
organizing,16
analyzing,66
report,49
quantitative,8
mathematics,56
approximately,79
675,47
eight,76
large-scale,60
customer,13
service,324
government,24
64,1
Bachelorâ€™s,32
Nursing,50
regionally-accredited,38
practices,40
Nurse,138
B,115
meet,69
set,43
forth,39
11.42,26
air,53
pollution,22
School,53
able,24
Cardio-Pulmonary,8
Resuscitation,8
CPR,8
environment,68
gained,54
since,16
June,124
1996,16
indicate,8
Name,8
Number,8
Hours,8
Completed,8
Date,8
Graduation,120
A.4,8
[Courses],8
page,8
Test,8
Paper,8
"â€œ1,â€",40
"â€œ2,â€",64
Engineer's,5
Intern,4
Engineers,6
Development,80
written,37
test,6
disease,44
intervention/prevention,42
assessing,52
risks,44
making,42
referrals,42
collecting,49
epidemiological,42
Adviser,42
eh,10
sanitation,91
eighteen,233
drug,10
inspectors,10
question,21
Social,147
Work,78
Certification/License,17
receive,38
September,56
2004:00:00,24
Certified,79
Worker,53
CSW,29
Licensed,39
Master,54
LMSW,59
LCSW,44
date,19
fail,19
automatically,17
extended,25
Failure,19
result,19
dismissal,19
High,265
U,59
fields:,97
fiscal/financial,42
â€œ2,40
setting,42
patient,5
care,91
facility,67
mental,60
hygiene,29
clearly,5
demonstrating,7
difficult,5
non-managerial,31
"requirements.	",44
in:,20
developing,50
identifying,16
target,16
populations,16
needs,29
assessments,16
presentations,28
workshops,16
presenting,18
counseling,80
communicable,18
substance,52
abuse,63
assault,16
sexual,16
public/community,16
Within,34
Air,14
Pollution,8
Inspector,40
directly,41
candidates/incumbents,8
Visible,8
Emissions,8
Urban,18
Noise,8
Course,8
certificates,6
Upon,24
testing,14
emit,4
contaminants,4
excessive,6
noise,6
cleaning,9
fuel,9
burning,4
incinerating,4
acoustical,4
applied,150
infection,71
15,169
Compilation,45
Rules,65
Regulations,49
NYCRR,45
Title,48
nan,17
Application,76
firm,50
civic,10
Registration,42
post-graduate,2
substantial,18
modalities,2
practice:,2
facilitation,14
team,28
conferences,2
group,29
meetings,16
conferencing,2
model,4
emphasizes,2
engagement,4
consensus,2
children,11
youth,16
parents,2
individual,4
families,12
conduct,4
topics,4
child,65
environments(s,15
Industrial,4
Institutional,4
Rodent,4
7A,4
Conservation,4
positions,55
eligibles,7
affairs,12
marketing,30
retention,12
expansion,12
relocation,16
businesses,24
accessing,12
workforce,12
records,20
documents,42
site,24
neighborhood,12
film,12
industry,30
permits,14
techniques,16
incentive,12
purchasing,23
fields,171
casework,30
methodologies,19
424-a,16
Services,36
Law,48
requires,18
authorized,18
inquire,16
candidate,79
child-care,18
maltreatment,31
discretion,23
assign,7
nursing,97
welfare,20
quantitative/qualitative,2
statistical,34
program-level,2
advanced,76
auditing,245
cost,82
Accountant,64
C,8
Internal,28
Auditor,18
Institute,4
Auditors,4
IIA,4
follows:,19
1(A),8
1(B),4
1(C),4
Management,136
mobile,17
web,17
or/or,15
bookkeeping,6
Bookkeeper,3
40526,3
semesters,2
half,2
â€œ3,22
â€œ4,10
â€œ5,10
â€œ5â€,10
Admission,113
subsequent,259
bar,267
Agency,73
Attorney,75
Interne,73
30086,73
remain,109
Members,109
good,143
standing,138
AL,166
settling,22
claims,32
injury,22
property,32
damage,18
loss,18
institution,63
inspecting,16
supplies,14
as:,22
paints,5
linoleum,5
hose,5
sand,5
brick,5
wire,5
shades,5
tools,15
plumbing,38
machine,7
shop,17
furnishings,5
furniture,5
lumber,5
wood,5
metals,5
foods,9
chemicals,5
textiles,5
printing,7
stationery,5
sundry,3
items,5
45,9
area(s,6
particular,17
sewer,7
drainage,5
supply,7
supervisor,13
moving,58
violations,58
suspension(s,24
accident,60
record,65
disqualified,59
dealing,8
adolescents,7
limited,19
Day-Care,7
institutions,13
groups,35
juvenile,16
justice,65
liaison,40
broad,16
policymaking,2
responsibility,16
activity,10
graduates,6
equivalency,40
policy-making,12
Professional/Vendor,44
professional/vendor,44
certifications,46
Database,28
Administration,66
Data,14
Modeling,14
Design,84
Testing,44
Technical,44
Writing,44
Version,44
48,88
Task,270
Inventory,86
options,44
"â€œ4,â€",44
Inventory:,14
online,34
tasks,18
clicking,14
button,14
Notice,14
Examination,17
Read,14
carefully,14
sure,14
machinist,28
appraisal,12
financing,16
negotiation,18
disposition,14
real,41
estate,37
renewal,4
analytical,54
coordination,39
housing,41
noted,22
Graduate,125
equaling,12
librarian,6
computers,12
resources.,2
technologist,28
specialties,30
Ninety,14
whose,28
prior,24
1963:00:00,28
combined,16
inorganic,28
Masterâ€™s,12
advance,13
storekeeping,2
plan,56
General,16
Statement,2
Duties,2
Responsibilities,2
direct,90
latitude,2
judgment,26
initiative,4
learns,2
applies,2
principles,2
suspect,2
follow-up,4
epidemiologic,4
assists,2
visiting,14
physicians,2
laboratories,2
hospitals,6
performs,2
passed,24
Armed,6
Forces,8
GED,8
score,14
35,12
tests,14
over-all,4
225,6
driver's,2
assignments,28
mini-computer,5
LAN/WAN,5
desk/desk,5
top,5
past,10
mainframe/mini-computer,5
currently,33
A+,5
Network+,5
spread,5
sheet,7
Bachelor,74
maternal/child,12
pediatric,20
community-based,20
clinic,12
home,16
duraion,12
"in""""1",10
criminalistics,62
molecular,28
genetics,28
biochemistry,14
anthropology,63
ecology,17
scientific,38
Exempt,2
Class,55
"$300,000 ",11
specify,22
worked,22
on:,11
description,11
also,39
money,12
allotted,11
suspension,30
Construction,28
Manager,23
noting,11
TASK,62
FORCE:,50
BUDGET,2
ADMINISTRATION,2
COMMUNICATION,2
CAPITAL,4
UNIT:,44
FINANCIAL,2
PLANNING,2
JOB,128
TITLE:,64
Analyst,80
CONTROL,64
CODE:,64
BCC-16-05,2
SUMMARY:,64
Capital,34
Financial,28
Planning,12
Unit,80
oversight,8
policy,59
relating,16
Budget,128
formation,2
Strategies,2
Senior,36
Officials,2
acts,2
negotiating,2
modification,2
adoption,2
Borough,6
Presidents,4
forecast,8
Cash,2
Flow,2
long-term,2
borrowing,2
Cityâ€™s,50
preparation,38
Charter,2
Mandated,2
Publications,6
well,31
DESCRIPTION:,64
encompass,42
activities:,54
"â€¢	Help",6
develop,26
Plan,22
Commitment,8
Ten-Year,2
Strategy,2
"â€¢	Consult",2
proposed,8
capital,156
"â€¢	Develop",30
models,6
commitment,2
expenditure,12
trends,16
"â€¢	Coordinate",12
OMB,166
taskforces,4
outside,6
"â€¢	Prepare",30
ad-hoc,18
budgetary,24
reports,58
excel,2
access,4
sign,8
letterer,2
lettering,4
signs,4
posters,4
brush,2
freehand,2
paste-on,2
stenciled,2
letters,8
sign/lettering,2
investigation,85
enforcement,134
operational,108
2.A,54
Groups,30
Titles,30
Inventory*:,30
Applications,30
Web,30
Maintenance,30
Business/Systems,30
Analysis,66
Support,30
GIS,30
Structures,30
Spatial,30
Mapping,30
Principles,32
controlling,16
purification,16
watershed,39
reservoirs,19
aqueduct,16
upkeep,16
journeyman,16
policies,25
first,34
"		Federal",8
Grants,16
"		Sandy",2
Recovery,20
Compliance,22
"	Two",6
Analysts,22
/,70
"	BAW-17-11",2
Mayorâ€™s,134
government's,60
chief,60
OMB's,62
analysts,62
experts,64
assembles,58
oversees,82
expense,122
budgets,118
fund,62
70,60
Federal,106
Revenue,18
Force,88
works,12
recover,14
devastation,12
Superstorm,14
Sandy,14
Specifically,6
strategic,6
deployment,6
Emergency,6
Administrationâ€™s,8
FEMA,24
Assistance,14
funding,62
across,14
boroughs,12
ensuring,10
follow,4
grant,40
corrective,12
actions,12
necessary,26
Additionally,10
unit,16
centrally,4
coordinates,12
audits,18
Please,8
note,8
grant-funded,12
term,66
dependent,12
availability,12
expected,12
include,68
"â€¢	Work",20
NYS,24
oversee,10
grants,20
"â€¢	Review",40
monitor,26
spending,14
portfolio,4
process,30
disaster-related,4
integrate,4
"â€¢	Assist",44
tracking,8
hazard,4
mitigation,4
opportunities,4
costs,8
prepare,16
facing,4
communicate,6
"â€¢	Contribute",4
certified,21
suspensions,4
climber,3
pruner,3
arborist,3
tree,3
removal,3
climbing,3
pruning,3
bracing,3
cutting,3
felling,3
manual,3
driven,9
motorized,3
ground,3
requirement,19
Serious,3
disqualify,3
restrictions,11
would,26
preclude,12
Climber,3
Pruner,3
defined,21
Court,25
Appeals,12
Sections,12
520.3,12
520.5,12
traffic,25
flow,18
theory,2
highway,13
transportation,35
geometric,2
roadways,2
parking,2
markings,2
signals,2
citywide,6
surveillance,4
two-year,2
"		INFORMATION",2
SYSTEMS,2
"			DIGITAL",2
CONTENT,2
"			One",32
Digital,6
Content,4
Designer,2
"	OTH-17-03",2
Systems,12
supports,2
agencyâ€™s,10
Forceâ€™s,20
provides,14
desktop,2
publishing,6
many,2
publications,6
maintains,6
OMBâ€™s,36
sites,4
OMB-associated,2
authorities,2
"â€¢	Design",4
PowerPoint,4
InDesign,2
PDF,2
versions,2
electronic,74
presentation,6
in-house,4
vendor,2
extremely,2
tight,2
deadlines,10
"o	Document",2
to:,4
On-Line,2
newsletters,2
brochures,2
photo,2
edits,2
ad,4
copy,2
suitable,2
representations,4
numerical,2
relationships,6
charts,6
"â€¢	Maintain",18
upgrade,2
several,16
websites,2
HTML,2
NYCâ€™s,2
TeamSite,2
plasterer,8
plastererâ€™s,2
recent,128
lands,3
aqueducts,3
waste,7
recreation,14
dance,8
therapy,10
dynamics,4
electricianâ€™s,20
four-years,2
acceptability,2
safe,2
automotive,52
vehicles,8
transport,2
inspects,2
parts,6
repairs,10
ensure,34
adherence,2
purchase,4
safety,94
designation,2
Patrolman,11
Chapter,4
13,4
operator,3
hold,1
Associate,37
Supervisor,3
Security,20
Administrative,13
Non-Managerial,1
"		Executive",2
"UNIT:			Communications",2
Press,2
"	EXE-17-09",2
assemble,4
Executive,12
Director,28
overseeing,9
Communications,16
facilitating,2
Staff,2
effectively,6
respond,18
inquiries,10
regarding,10
"â€¢	Act",2
spokesperson,2
promote,2
goals,8
objectives,4
"â€¢	Draft",2
press,8
releases,4
"â€¢	Manage",16
rapid,2
response,12
disseminated,2
accurate,6
"â€¢	Staff",2
brief,6
events,6
"â€¢	Liaise",4
contacts,2
editors,2
reporters,2
interviewers,2
researchers,2
television,2
radio,24
newspapers,2
podcasts,2
magazines,2
requested,6
negotiated,2
office,25
members,12
"â€¢	Research",6
lists,4
manage,10
special,92
"1.	Ten",2
senior,14
leadership,19
director,30
"2.	A",2
Desired,4
Qualifications,6
"1.	Project",2
PMP,2
"2.	Masterâ€™s",2
sustainability,6
automation,9
"2.	Valid",2
"3.	Six",2
Qualifications:,2
"1.	Masterâ€™s",2
"2.	Certification",2
Operator,17
institutional,12
juveniles,4
third,8
generation,8
Business,16
plumberâ€™s,1
panning,9
city-wide,9
historic,16
preservation,16
history,44
restoration,4
structures,23
majors,12
movable,9
bridges,13
Bridge,19
cannot,3
restriction,3
apprentice:,8
heating,22
conditioning,22
pipe,8
fitter,16
steam,14
Reading,8
recording,12
meters,8
measuring,8
devices,12
posses,8
hired,24
serving,16
Use,8
Pipe,8
Fitter,20
"		TAX",2
POLICY,2
ECONOMIC,2
ANALYSIS,4
"		ECONOMIC",2
"		TAX-17-06",2
Tax,4
Policy,14
Forecasting,6
Economic,6
forecasting,8
global,2
economies,4
tax,44
revenues,26
unemployment,2
population,20
growth,4
tracks,2
forecasts,8
indicators,4
produces,2
supporting,12
"â€¢	Support",2
databases,10
"â€¢	Track",14
document,2
ongoing,8
revisions,2
benchmarks,2
reclassifications,2
definitional,2
changes,26
tables,2
graphs,2
Monthly,2
Report,2
"â€¢	Write",2
periodic,4
memos,2
impact,48
running,2
econometric,4
preparing,20
output,4
Also,2
teams,16
"â€¢	Provide",12
logistic,2
outlook,2
text,2
chart,2
book,2
Five-Year,2
Physicians,2
physician's,2
Worker's,2
Compensation,2
Division,4
ICD9CM,2
coding,2
English,40
journalism,80
advertising,40
"FORCE:		MISCELLANEOUS",2
INTERFUND,2
AGREEMENTS,4
REVENUES,2
"		INTERFUND",2
"	MRI-18-01",2
Miscellaneous,6
Interfund,10
Agreements,6
Revenues,6
manages,10
non-tax,2
received,8
fees,2
fines,4
taxi,2
medallions,2
Agreement,8
revenue,54
funds,9
salaries,2
IFA,20
monitors,26
agenciesâ€™,8
reimbursement,10
compensates,2
incurred,4
Oversight,2
requests,58
projectâ€™s,2
overall,4
expenses,2
review,40
approval,36
rosters,2
properly,8
up-to-date,2
"â€¢	Oversee",4
earnings,2
"â€¢	Monitor",28
recoupment,2
generated,2
timesheet,2
billings,2
InterFund,2
nominal,4
sets,10
timesheets,2
modifications,16
"â€¢	Direct",6
initiate,2
input,6
FMS,8
automated,2
"â€¢	After",2
demonstrate,4
understanding,4
different,12
Prepare,4
approve,2
documentation,10
"â€¢	Organize",2
files,12
paper,2
orderly,2
timely,8
fashion,2
guidance,12
transactions,4
"â€¢	Run",2
queries,2
InfoAdvantage,2
SAP,2
Crystal,2
downloads,2
rehabilitation,70
psychiatric,112
retardation/developmental,34
disabilities,36
abuse/chemical,34
dependency/alcoholism,34
consultant,50
least:,34
actual,36
of:,34
ii,34
b),68
candidtes,1
Civilian,1
Complaint,1
Review,11
Investigators,5
CCRB,1
31166,1
28,48
occupational,26
identification,28
hazards,26
Semester,24
7,26
equals,24
Eight,2
estimating,6
experience:,8
Full-time,14
respectively,2
Commissioner,36
Investigation,28
exercise,12
significant,57
matters,20
particularly,22
EDP,6
auditors,18
indicated,15
attorneys,28
highly,30
negotiations/management,28
cited,46
1.A,8
3.A,10
AND:,3
must:,3
Psychiatric,9
Practitioner,13
body,5
nutrition,12
residential,14
program:,4
phases,8
meal,8
Designated,2
Duty,2
DDE,6
Qualified,4
Member,4
Engine,4
QMED,8
Junior,8
Oiler,8
Fireman/Watertender,6
thereof,8
possession,8
Merchant,10
Marinerâ€™s,6
Credential,6
MMC,6
endorsement,12
ratings:,4
rating,4
Eighteen,2
Third,12
higher,16
corrections,10
inmate,28
detention,16
correctional,32
portion,14
fitting,4
Educational,3
code,3
instructor,3
ranger,6
park,5
cultural,24
month,3
clerk,4
secretary,3
status,12
Police,5
38,3
York):,3
twenty-one,3
age,3
older,3
citizen,3
resident,5
convictions,3
felony,4
serious,3
offence,3
Penal,3
discharged,3
military,33
discharge,3
dishonorable,3
moral,3
Park,8
Ranger,6
emergency,82
fire,46
police,31
hour,8
early,61
childhood,61
elementary,10
licensed,68
devoted,16
largely,16
pre-school,16
kindergarten,16
employs,16
teachers,8
teacher,16
pre-K,8
2nd,8
grade,52
considered,14
science/information,4
econometrics,8
mathematical,6
disaster,8
preparedness/administration,4
area(s):,6
preparedness,8
planning/management,6
homeland,6
environmental/occupational,4
"FORCE:		Budget",2
Coordination,10
"		BCC-18-01",2
plays,8
role,14
task,26
force,12
$850 ,2
million,4
energy,10
created,2
prices,4
$1 ,2
billion,6
lease,10
developed,2
space,7
Finally,2
ensures,4
reflected,2
"â€¢	Lead",2
"â€¢	Supervise",20
cycle,2
processes,16
instructions,18
Contract,6
Expense,16
timetables,2
schedule,2
"â€¢	Administration",2
hundreds,2
table,2
updates,2
assigning,2
corresponding,2
codes,2
entries,2
integrity,4
create,4
"â€¢	Evaluate",14
propose,2
enhancements,4
coordinate,12
Councilâ€™s,2
MNs,4
Monitor,4
monthly,20
expenditures,18
analyze,16
abstracts,2
presented,2
Acquisition,2
Responsible,2
determining,15
demand,2
fossil,2
fuels,2
"2,000",2
intra-City,2
recommendations,30
action,20
"â€¢	Ensure",4
fully,2
trained,2
briefed,2
feedback,2
optimal,2
"â€¢	When",2
represent,2
Deputy,4
inter-agency,2
prepared,2
times,4
pertaining,10
criminology,5
work/counseling,2
adhering,6
standards,24
probation,6
parole,4
intake,6
â€œ4â€,2
60%,2
involve,2
therapeutic,2
interaction,2
modify,2
psycho-social,2
evaluative,2
assessment,4
supportive,2
referral,6
tutor,2
worker,4
peer,2
counselor,6
leader/companion,2
recreational,4
camp,2
specialist,2
custodial,2
Peace,16
Officer,6
Training,2
satisfy,8
Officers,14
I-B,72
analytic,38
Criminalist,36
qualifying,28
totaling,38
member,1
roadway,1
crew,1
asphalt,1
concrete,1
mixes,1
brakes,1
gasoline,12
station,14
lubrication,6
oil,6
changing,6
Towing,6
Endorsement,8
Brakes,6
Learner's,22
Permit,24
180,6
days,10
Automotive,6
"teaching,or",2
reading,4
company,2
conveyancer,2
attorney,4
contact,6
obtaining,2
persons,6
active,2
duty,2
1(a,2
1(b,2
1(c,2
1(d,2
spec,2
Victims,4
â€™,4
Forensics,4
Homicide,4
Domestic,4
Violence,4
Missing,4
Persons,4
toward,7
child-caring,5
employer,6
"		Monitoring",2
"	One",2
Head,10
"		BRR-18-02",2
dedicated,2
compliant,2
recovery,16
efforts,6
"â€¢	Identify",4
potential,12
vulnerability,4
risk,10
implement,10
plans,26
resolution,10
provide,8
avoid,2
deal,4
similar,10
situations,2
"â€¢	Create",4
requesting,4
track,14
escalation,2
organize,10
closeout,6
Grant,24
teamsâ€™,2
Document,6
DMS,2
"â€¢	Participate",2
"		Tax",2
"		PROPERTY",2
AGGREGATE,2
REVENUE,2
"	TAX-18-04",2
sales,3
income,10
taxes,10
Property,2
Aggregate,2
property-related,4
amounting,2
$28 ,2
reporting,12
function,2
collections,6
present,14
thoroughly,6
accurately,6
"â€¢	Forecast",4
modeling,4
"â€¢	Interpret",2
legislative,28
proposals,32
cash,16
statements,8
"â€¢	Conduct",12
intergroup,40
opportunity,24
rights,50
integral,22
mortuary,12
autopsy,12
"		Accounting",2
Audit,10
"	AIA-18-01",2
statutorily,2
balanced,2
accordance,8
Generally,2
Accepted,2
Accounting,14
GAAP,8
advice,6
conjunction,2
Comptrollerâ€™s,8
annual,12
overhead,2
fringe,4
benefit,16
rates,4
accounting/cost,2
audit-related,2
City-related,2
entities,6
"â€¢	Guide",4
proper,2
audit,6
Governmental,2
Standards,2
Comptroller's,2
Mayor's,8
â€œOpsâ€,2
facilitate,10
auditorsâ€™,4
coherent,2
responses,10
findings,2
act,4
Mayoral,2
designee,2
representation,6
signed,2
officials,18
drafting,2
Comptroller,4
Ops,2
relied,2
Citywide,16
close,2
calculation,4
Inter-fund,2
â€œIFAâ€,2
negotiate,2
Fixed,4
Central,12
Cost,4
Allocation,2
Indirect,2
calculations,2
claiming,2
fee,2
purposes,5
Assist,2
communicating,2
Directives,2
consulting,4
Consulting,2
Facilitate,2
competitive,2
every,2
eleventh,40
health-related,20
Juris,2
Doctorate,2
pending,6
telecommunications/,16
networking,16
closely-related,12
electronics,86
telecommunications/networking,8
Data)-Assignment,8
Performing,12
rock,12
soil,8
mechanics,4
soils,4
sedimentation,4
petrology,4
hydrology,4
hydrogeology,4
geomorphology,4
subsurface,4
explorations,4
mining,4
mapping,8
surveying,24
geologic,28
completing,4
throughout,4
Geologist,8
satisfactorily,4
complete,8
Personnel,14
terminated,4
beginning,4
range,12
salary,16
post-baccalaureate,4
hiring,6
provision,6
consultation,4
Tunnel,6
Shaft,4
Positions:,4
tunnel,16
shaft,20
underground,4
joint,4
faults,4
vibration,4
protect,6
jointed,4
tunneling,4
sinking,4
exploration,4
payment,6
estimates,8
exploratory,4
non-consultative,4
carry,16
simple,16
cases,7
speak,6
Spanish,4
"â€¢	Strong",10
diverse,2
communities,6
yearsâ€™,4
people,18
communities:,2
immigrants,2
color,4
proficiency,2
living,2
HIV/AIDS,2
lesbian,2
gay,2
bisexual,2
transgender,2
accommodations,2
pregnancy,2
religion,2
arrest,4
histories,3
"â€¢	Demonstrated",2
respect,4
impacting,2
immigrant,2
problem-solving,2
skills,74
"â€¢	Must",2
organized,2
independently,12
collaboratively,2
ethic,2
"â€¢	Excellent",2
attention,4
oral,23
message,2
multiple,6
audiences,2
"â€¢	Experience",2
priorities,2
competing,2
"â€¢	",2
Proficiency,2
"â€¢	Ability",2
contracting,10
investment,38
brokerage,36
liability,8
settlement,8
conflict,2
mediation,2
disputes,2
among,2
racial,2
religious,2
ethnic,2
beyond,2
Child,12
Welfare,4
Specialist,12
mentioned,22
coordinative,26
"		Policy",2
"			Social",2
Energy,6
Sustainability,6
"		One",18
"	POR-18-01",2
effects,2
initiatives,8
carries,2
aforementioned,2
central,6
"â€¢	Apply",2
shape,2
evaluate,16
life,2
advisory,2
"â€¢	Establish",2
cultivate,2
expand,2
providers,2
external,8
economists,2
Create,2
deliver,4
memoranda,6
"â€¢	Train",2
lead,4
deep,2
Independently,2
inception,2
final,2
deliverables,2
agendas,2
datasets,4
strategies,4
larger,2
block,6
tenant,11
experienced,6
Intergroup,6
employee's,6
cooperation,6
mediate,6
tensions,6
Years,2
Clean,2
Driverâ€™s,2
Knowledge,2
Boroughs,2
"			ADMINISTRATVE",2
AGENCIES,2
ELECTED,2
OFFICIALS,2
Supervising,20
"	AA-18-01",2
prepares,2
offices,4
elected,2
Agencies,4
overseen,2
Payroll,2
centralized,2
311,2
Citizen,2
likely,2
change:,2
mandated,2
programmatic,22
submissions,4
savings,4
Develop,2
efficiencies,6
effectiveness,6
implications,4
administer,4
controls,2
agency-held,2
expedite,2
progress,14
exercises,8
Ensure,2
allocations,4
effective,6
verbal,8
"â€¢	Perform",4
considerable,2
exposure,2
fixed,2
investments,2
yield,2
bank,3
loans,2
lending,2
structured,2
debt,6
stressed/distressed,2
asset,2
firm/bank,2
BS/BA,2
sums,1
cashier,2
teller,2
railroad,1
toll,1
collector,1
instrumentation,18
electromechanical,24
microprocessors,6
pneumatic,6
Commission,18
see,16
â€œSpecial,32
Noteâ€,32
Certain,16
Positions,16
Technician,16
surveying-related,8
land,10
Land,8
Surveyor,12
officially,4
machinery,2
piping,2
overhaul,2
engines,6
associated,2
handyman,2
janitorial,2
Chemical,2
CDL,26
Appointees,8
protection,16
designated,4
Criminal,6
Procedure,4
Therefore,4
serve,6
II:,4
Officer-Assignment,4
III:,4
"		EXECUTIVE",2
"			Two",2
Assistants,4
"	EXE-18-02",2
seeking,2
assist,4
senior-level,2
Preliminary,4
Budgets,4
advising,2
Mayor,6
City's,4
efficiency,8
schedules,4
leave,2
calendars,2
edit,2
format,4
paperwork,4
travel,2
forms,4
screen,2
calls,2
"â€¢	Type",2
proofread,2
briefings,14
spreadsheets,2
Power,2
Point,6
correspondence,2
correction,12
"FORCE:		Miscellaneous",2
"		Miscellaneous",2
"	MRI-18-02",2
sources,4
exception,2
Cost-based,2
Charges,2
licenses,4
charges,2
Sewer,2
Income,2
interest,5
franchises,2
rental,4
miscellaneous,4
raised,2
creating,2
"â€¢	Communicate",2
variances,2
clear,2
precise,2
terms,2
amounts,2
assimilate,2
presentable,2
form,2
allow,2
receipts,2
on-going,8
formulate,4
computerized,2
e.g,2
cost/benefit,2
legislation,18
auto,4
specified,6
Auto,6
Mechanic,6
aging,4
awarded,8
Economics,2
Applicants,55
garages,3
knowledge,27
telephone,15
leasing,3
procedures,11
evidenced,2
DIVISION:,2
"		Office",2
Counsel,2
"		Legal",2
FOIL/E-Discovery,2
Projects,2
"	COU-18-01",2
issuance,2
Freedom,6
FOIL,12
Duties:,4
"â€¢	Become",6
familiar,6
Hall,4
"â€¢	Utilize",4
e-discovery,4
available,6
Clearwellâ€™s,2
platform,2
gather,4
answered,2
manner,2
redacted,2
violate,2
related-confidentiality,2
appeals,4
aid,10
litigation,27
Litigation,2
Preservation,10
"â€¢	In",2
emails,2
preserved,2
anticipated,2
Projects:,2
proceeds,2
bond,2
not-for-profit,6
clinics,2
centers,2
draft,4
agreements,6
advocacy,4
non-profit,2
diesel,2
engine,2
Diesel,2
BA/BS,2
client,6
concerned,2
combustion,4
component,4
describe,2
aviation,2
specializing,4
"		Community",2
Block,12
Grant-Disaster,2
CDBG-DR,38
"			Environmental",2
"		CDBG-DR-18-03",2
Community,10
Disaster,14
CDBG,6
DR,6
helping,6
strategically,6
deploy,6
reviewing,22
funded,6
applicable,4
"â€¢	Administer",6
appropriated,4
"â€¢	Understand",2
National,2
Act,12
NEPA,2
HUD,4
CFR,2
Part,2
58,2
comply,2
notices,2
arrange,2
publication,2
"â€¢	Complete",2
Request,2
Release,2
Funds,4
assistance,8
regards,2
statutes,2
pertain,2
"â€¢	Represent",6
"		ADMINISTRATION",2
JUSTICE,4
"		CRIMINAL",2
"	AOJ-18-04",2
Justice,6
Correction,4
Probation,2
Offices,8
District,6
Attorneys,6
Issues,2
crime,2
reduction,20
levels,6
Consumer,4
Affairs,16
Conflict,4
Interest,4
Administrators,2
indigent,4
defense,4
reviews,12
courts,6
"â€¢	Monitoring",8
"â€¢	Analyzing",10
dispersal,2
summary,6
"â€¢	Reviewing",14
regulatory,18
Perform,4
"â€¢	Preparing",4
"â€¢	Evaluating",2
"â€¢	Identifying",2
recommending,2
solutions,2
"			Sandy",2
Reporting,8
"		BRR-18-03",2
Fiscal,2
cityâ€™s,2
variety,2
improvement,2
partnership,2
"â€¢	Process",2
reimbursements,4
"â€¢	Facilitate",2
close-out,2
validate,2
receiving,2
retrieving,2
distributing,2
disposing,2
archival,4
affirmative,10
require,11
Good,5
condition,7
"		FIRE",6
PARKS,6
SANITATION,6
"			SANITATION",4
"	FPS-18-02",4
Fire,12
Parks,18
Sanitation,28
Recreation,8
Landmark,6
decisions,10
DSNY,24
refuse,4
recyclables,4
clearing,4
litter,4
snow,4
ice,4
streets,4
develops,8
determines,4
Certificates,6
Proceed,6
Modifications,4
infrastructure,18
recycling,4
"â€¢	Acquire",6
detailed,12
"â€¢	Analyze",6
Local,4
calculate,6
inspector,8
installations,4
light,4
heat,4
distribution,4
alarm,4
detection,6
"		COMMUNITY",4
DEVELOPMENT,4
BLOCK,4
GRANT,4
DISASTER,4
RECOVERY,4
"		SYSTEMS",2
REPORTING,2
"		CDBG-DR-18-04",2
reimbursed,2
invoice,2
"â€¢	Inform",2
inform,4
developments,7
stakeholders,2
"â€¢	Fact-check",2
accuracy,2
OMB-issued,2
resiliency,4
hoc,2
"		INFRASTRUCTURE",4
LIBRARIES,4
CULTURALS,4
TRANSIT,4
"		DEPARTMENT",2
ENVIRONMENTAL,2
PROTECTION,2
DEP,6
"	INF-18-04",2
Infrastructure,4
Transit,4
Culturals,4
Libraries,20
cultural-related,4
addresses,4
upstate,4
highways,4
transit,4
subsidies,2
libraries,4
Protection,6
supplying,2
clean,2
drinking,4
treating,2
stormwater,2
regulating,2
abatement,2
hazardous,2
DEPâ€™s,2
challenges,6
overflow,2
nitrogen,2
mitigate,4
impacts,4
climate,2
change,4
filtration,2
waiver,4
critical,2
Delaware,2
Aqueduct,2
Cogeneration,2
Plants,2
"â€¢	Determine",2
"â€¢	Collaborate",2
address,2
"â€¢	Respond",4
urgent,2
"1.	Graduation",4
"2.	Graduation",4
"3.	A",4
"4.	A",4
Highest,2
ethical,2
DOI,2
Physician,4
Medicolegal,12
Investigator,8
Registry,4
Death,4
ABMDI,4
thereafter,4
manufacture,4
storage,4
explosives,2
flammables,2
premises,2
manufactured,2
stored,2
houses,2
detect,2
explosion,2
sprinkler,2
standpipes,2
extinguishing,2
microbiologist,6
agents,2
specialists,2
Progressively,2
demonstrated,11
promotions,2
assumption,2
increasingly,2
renovation,2
waterfront,2
properties,8
renting,6
connection,2
reconstruction/rehabilitation,2
receivership,2
anti-abandonment,2
owned,2
managed,6
abandoned,2
prospective,56
tenants,6
background,8
assuring,2
vacancies,4
ready,2
occupancy,2
on-site,2
surrender,2
leases,2
consideration,2
alternative,2
Vessels,10
Inspection,2
plus:,4
practical,3
Program,168
interne,54
matriculated,54
winter/spring,54
Appointment,55
August,54
Minimum,4
dollar,12
"$15,000 ",12
bachelor's,6
reciprocity,6
Sciences,4
Care,8
Specialization,4
Physical,6
progressive,4
Operation,2
Evaluation,2
Hospital,2
Demonstrated,4
Coastwise,8
"2,700",2
gross,8
tons,8
Radio-Telephone,2
Operator's,6
ship,2
First,8
Pilot's,4
waters,4
sailed,4
department's,4
sludge,4
boats,4
Pilotage,2
USCG,2
Harbor,4
Upper,4
Lower,4
Bay,12
Sea,2
Batter,2
Jamaica,4
Rockaway,4
Inlet,4
Kill,6
Van,6
Kull,6
Robbins,2
Reef,2
Elizabeth,4
Port,2
Newark,2
Junction,4
Passaic,4
Hackensack,4
Rivers,2
River,12
Hudson,4
Battery,8
George,4
Washington,4
East,4
Tallman,2
Island,6
Guard:,2
Mariner's,4
endorsements:,2
Fireman/Water,2
Tender,2
Mate,6
oceans,2
Radar,2
Observer,2
Radio,2
permit,2
radio-telephone,2
certificate-restricted,2
thirty,2
Transportation,5
Workers,2
Identification,2
Card,2
TWIC,4
US,2
engaged,11
appeal,2
Second,2
2700,4
Pilot,2
extensions,2
routes:,2
Tallman's,2
N.J.,2
"			PARKS",2
"		FPS-18-03",2
DPR,2
steward,2
"30,000",2
acres,2
14,2
percent,2
"5,000",2
ranging,2
Coney,2
Beach,2
gardens,2
greenstreets,2
DPRâ€™s,2
mission,2
resilient/sustainable,2
parks,2
spaces,2
amenities,2
generations,2
directing,6
"â€¢	Supervising",2
recurring,2
Landmarks,2
formulating,4
validity,2
feasibility,2
cost-effectiveness,2
"â€¢	Acquiring",2
"â€¢	Overseeing",2
"â€¢	Providing",2
retirement,6
defendants,4
offenders,4
ex-offenders,4
plaintiffs,4
"2""or",2
section,7
amount,2
depends,2
candidate's,2
however,2
"in""2""above",2
Obtaining,2
Statutes,2
Reporters,2
Digests,2
Shepard,2
Citations,2
filing,2
writs,2
motions,2
segment,2
small,2
segments,2
typing,2
speed,2
errors,2
deducted,2
be:,4
"1.	graduates",4
ABA,16
"2.	admitted",4
"3.	have",4
ideal,4
applicant,8
trial,6
Information:,4
Statewide,8
Register,8
screening,4
conducted,4
considering,4
Protective,8
protective,4
supervised,2
basic,2
developmentally,2
disabled,2
emotionally,2
disturbed,2
understood,10
"			Compliance",2
"		BRR-18-04",2
receives,2
$150 ,2
annually,4
Homeland,12
increase,2
capabilities,2
prevent,4
terrorism,2
catastrophic,2
administers,2
phase,8
Issues/concerns,2
appropriately,2
evaluated,2
investigated,2
resolved,4
onto,2
managers,2
problematic,2
aides,2
examine,4
federal,4
"â€¢	Carry",2
comprehensive,2
sub-recipients,2
"â€¢	Submit",4
sub,2
recipients,4
produce,2
participate,4
visits,6
"DIVISION:		Expense",2
"		Financial",2
"	EBC-18-01",2
establishing,2
allotments,4
aggregate,2
limits,2
Adopted,4
Establishing,2
instructing,2
variance,6
surplus/needs,6
include:,2
Planned,2
Action,2
Reports,2
hires,2
redeployment,2
compiling,3
staffing,2
attrition,2
submitted,4
forces,10
Spending,2
keeping,2
consistent,2
headcount,4
Departmental,2
Estimates,2
Message,2
"FORCE:		HEALTH",4
"	HTF-18-10",2
countryâ€™s,4
foremost,4
healthcare,4
Examiner,8
Hospitals,18
handles,4
Medicaid,28
"â€¢	Responsibilities",2
DOHMH,8
OCME,6
supervise,4
forceâ€™s,4
point,4
multi-agency,4
extensive,4
collaboration,4
projections,2
"â€¢	Serve",2
main,2
city-hall,2
factors,2
caseload,2
re-estimates,2
briefing,4
superior,4
unitâ€™s,2
agenda,2
nationally,2
"		HEALTH",2
HOSPITALS,2
MEDICAID,2
"	HTF-18-09",2
$7 ,2
tied,2
obligation,2
payments,2
Hospitalsâ€™,2
finances,2
H+H,2
Transformation,2
relate,2
third-party,4
waivers,2
Affordable,2
Redesign,2
assess,4
nationwide,2
statewide,2
link,2
delivery,10
reform,4
voluntary,2
high-level,4
"UNIT:			Cultural",2
"		Two",2
"		INF-18-05",2
subsides,2
Cultural,10
Institutions,2
analyzes,4
Private,2
efficient,6
improved,2
Library,8
Queens,2
day-to-day,2
scopes,2
proposal,2
"â€¢	Estimate",2
approving,2
"		MONITORING",2
COMPLIANCE,2
"		CDBG-DR-18-05",2
Agenciesâ€™,2
thorough,2
Handbook,2
6509.2,2
effort,2
resolve,3
quickly,2
discrepancies,2
discovered,2
identified,2
assessed,2
results,2
attend,2
DRGR,2
relates,2
accomplishments,2
polices,2
studied,2
measurement,4
selection,4
"		INTERGOVERNMENTAL",2
RELATIONS,2
"	IGR-18-04",2
Intergovernmental,4
Relations,4
governments,2
IGR,4
issue,2
direction,2
"â€¢	Prepares",2
Agenda,2
actively,2
pursues,2
"Â·	Coordinates",2
"Â·	Acts",2
Directors,2
Legislative,2
serves,2
representative,2
advocate,2
Albany,2
"Â·	Develops",4
timetable,2
involvement,2
points,2
assures,2
"Â·	Regularly",2
briefs,2
"Â·	Drafts",2
testimony,2
initiates,2
warranted,2
graduated,2
December,2
2017,2
2018,10
sit,4
Exam,4
Multi-State,2
Responsibility,2
MPRE,2
commencing,2
strong,37
interpersonal,18
elevator,14
hydraulic,6
components,6
escalators,6
drawbridges,6
aircraft,6
rail,6
cars,6
doors,6
post-secondary,6
datacenter,4
cloud,4
Archival,2
History,2
Political,2
incumbents,2
five-year,10
degrees,10
requirement:,8
Architectural,24
Studies,8
Fine,8
Arts,8
Art,8
Pressure,6
Boiler,6
Operating,6
Buildings,14
"â€¢	Masterâ€™s",2
professionals,6
like,4
education/experience,4
"â€¢	A",2
ELIGIBILITY,1
PROMOTED:,1
Eligibility,1
Take,1
permanently,2
name,1
appear,1
Preferred,1
List,1
cooking,4
write,2
Juvenile,2
Cook,2
carpenter,4
mason,4
ironworker,4
superintendent,4
sequence,2
participation,6
Architects,2
Home,2
Status,2
International,4
Building,2
responding,4
researching,5
answers,4
questions,4
elevators,12
grounds,6
"100,000",24
square,24
feet,24
number,12
stories,12
adding,12
Residency,2
90,2
"2.	",2
chauffeur's,2
Bureau,2
Vehicles,2
Seven,2
servicing,7
8th,2
actuarial,12
aspects,4
24-credit,2
non-supervisory,2
successful,12
PRINCIPLES,2
EPIDEMIOLOGY,2
#3030-G,2
#SS1000,2
Centers,2
collection,2
"1.	Admission",2
"2.	One",2
"FORCE:		EDUCATION",2
"		DOE",2
"		EDU-18-04",2
University,2
CUNY,8
SCA,2
DOE,4
largest,2
district,2
nation,2
students,2
enrollment,2
SCAâ€™s,2
renovate,2
schools,2
exclusively,2
addressing,2
"1.	Participate",2
implementations,2
"2.	Prepare/monitor",2
cumulative,2
projections/actuals,2
complies,2
planned,2
"3.	Review",2
"4.	Initiate",2
maximization,2
"5.	Assume",2
court,12
excellent,20
admitted,27
applicants,8
sex,2
offenses/,2
victim,2
delinquency,15
expert,2
abilities,12
impart,2
editing,2
speaking,2
preferred,2
witness,2
experiencing,2
trauma,2
compassionate,2
yet,2
preferably,6
exceptional,10
solid,10
municipal,12
Family,13
evidentiary,6
creative,8
problem-solvers,8
recognize,8
often,8
Ideal,4
transactional,2
scale,1
first-chair,2
beneficial,2
150,1
apartments,1
complaints,1
rents,1
resolving,1
taxation,16
tax-related,16
5-Feb,2
post-law,2
Applicant,6
others,6
regard,2
work/availability,2
weekends,2
compensation,6
voice,20
microwave,12
fiber,12
optic,12
cellular,12
telecommunication,4
Voice)-Assignment,4
Traffic,1
Device,1
Maintainers,1
1.Masterâ€™s,2
"1.	New",2
awaiting,2
May,2
sitting,2
July,2
"2.	Must",2
managements,2
player,2
dynamic,2
fast-paced,4
assembly,2
manufacturer,2
standard,2
makes,2
three-year,4
emphasis,2
home-improvement,2
contractor,2
e.g.,2
siding,2
roofing,2
metal,4
shipbuilder,2
lather,2
Sheetrock,2
taper,2
glazier,2
insulation,2
installer,2
Comfort,2
simultaneously,2
Excellent,2
Exceptional,2
Strong,2
Forensic,6
Computing,4
Computer,8
digital,8
forensics,4
"2.	Graduate",2
"3.	Thorough",2
Industry,2
chain,2
custody,2
best,2
"4.	Proficiency",2
commonly,2
toolsets,2
EnCase,2
FTK,2
Suite,2
X-Ways,2
Cellebrite,2
XRY,2
Complete,2
Open,2
Source,2
Tools,2
"5.	Experience",2
imaging,2
examinations,2
hard,2
device,2
stores,2
behavioral,2
FIVE,2
THREE,2
FCC,2
Radiotelephone,2
radar,2
tort,4
officers,2
machines,4
drill,2
glue,2
fold,2
cut,2
bind,2
printed,2
material,2
bookbinding,2
fraudulent,2
locating,1
Clerical,1
investigates,1
"	PMA-18-02",2
PMA,2
vacancy,2
announcements,2
verify,2
submit,2
via,2
Automated,2
NYCAPS,2
e-hire,4
"â€¢	Screen",2
resumes,2
refer,2
"â€¢	Generate",4
resume,4
on-boarding,2
hire,2
fingerprinting,2
targeted,2
consistency,4
website,2
Employee,2
Orientation,2
on-campus,2
Summer,2
Internship,2
Agencyâ€™s,2
scholarship,2
awards,2
crisis-intervention,2
informational,2
inmates,2
abusers,2
requirements:,8
anatomical,8
75,4
autopsies,8
neuropathology,8
Pathology,8
Evidence,4
350,4
trials,2
CPLR,2
values,2
injuries,2
facile,2
calendaring,2
CCPC,2