Skills,SkillsValues
2d,1
animation,7
skills,25
required,1
3d,1
optional,2
proficient,1
adobe,1
cs4,1
cs5,1
software,9
specifically,4
illustrator,1
photoshop,1
indesign,1
acrobat,1
flash,1
mac,1
p.c,1
"â€¢	excellent",1
interpersonal,25
organizational,37
analytic,27
operational,2
writing,29
editing,63
"â€¢	knowledge",1
government,32
procurement,7
processes,107
information,8
systems,36
desirable,44
"â€¢	foreign",1
language,80
plus,11
board,1
certification,9
pediatrics,1
adolescent,19
health,21
effective,11
communication,17
proficiency,1
internet,9
usage,34
computer,1
programs,10
microsoft,1
word,1
excel,1
outlook,1
master's,1
degree,1
public,32
mba,1
graduate,1
potentially,8
acceptable,19
five,14
years,985
track,2
record,8
organization,206
applicable,3
certifications,5
experience,7
with/insights,4
assigned,38
commodities,4
chemicals,4
services,7
biosolids,4
waste,7
excellent,1
research,64
preferred,20
skills/qualifications,1
1,279
knowledge,2
sustainable,3
urban,3
design,36
green,21
infrastructure,1
principles,111
including,869
leed,1
2,281
3,325
construction,1
project,3
management,23
4,176
5,272
fluency,4
autocad,1
suite,1
6,110
powerpoint,1
access,1
7,141
valid,1
state,1
driver,4
license,3
selected,9
candidate,9
must,3
in-depth,8
united,1
states,1
coast,1
guard,1
federal,5
local,6
rules,1
regulations,34
associated,32
marine,8
vessels,1
possess,26
supervisory,23
shipyard,6
maintenance,2
repairs,8
aboard,4
greater,23
3000,4
hp,1
also,25
strong,1
background,7
operations,57
budgeting,2
abs,1
surveys,12
inspections,65
candidates,3
possessing,27
nys,1
commercial,3
associateâ€™s,3
bachelorâ€™s,1
"degree,bilingual",2
english/spanish,1
horticultural,6
desired,28
work,7
flexible,8
hours,23
nights,17
weekends,39
needed,70
leadership,32
high,16
school,25
diploma,5
ged,1
cdl,1
driver's,1
trouble-shooting,7
ability,1
mechanical,14
aptitude,3
analytical,14
trouble-shoot,2
various,171
types,49
vacuum,11
heating,14
equipment,64
steam,4
pneumatic,2
hot,7
water,45
generating,4
heat,7
air,3
pumps,11
maximo,1
order,36
system,1
advanced,1
budget,7
grant,3
understanding,1
contract,16
administrative,1
oral,42
inter-personal,18
written,85
apply,36
position,11
permanent,8
associate,1
chemist,1
civil,25
service,1
list,1
testing,129
drinking,5
samples,18
trace,2
organic,2
contaminants,2
epa-approved,1
gas,13
chromatographic,2
methods,8
preferred:,4
environmental,1
well,213
familiarity,3
demonstrate,2
managing,77
conservation,1
drought,2
projects,115
conservation/drought,1
plan,4
development,1
policy,17
implementation,28
sql,1
server,2
arcgis,1
spss,1
sas,1
statistical,3
analysis,31
packages,20
prior,1
inspection,35
food,2
industry,23
communicative,2
attentive,20
detail,30
creative,11
problem-solver,5
sound,27
judgment,118
decision,22
making,43
problem,11
solving,34
successfully,52
interact,45
staff,6
internal,40
partners,38
solve,41
achieve,48
goals,52
motivating,4
planning,1
provide,27
outstanding,1
customer,1
"4.	ability",1
effectively,56
communicate,16
deal,12
engineers,1
inspectors,3
consultants,27
contractors,32
vendors,27
agencies,89
managerial,62
verbal,64
collaboratively,78
others,60
perform,16
detailed,1
time-sensitive,7
deadlines,318
familiar,1
soil,1
mechanics,10
hydraulic,18
borings,6
survey,3
general,3
engineering,16
skills:,2
cad,1
gis,1
"â€¢	minimum",1
10-Jun,2
program,3
community,32
coordination,24
"â€¢	bachelorâ€™s",1
"â€¢	experience",1
working,3
client,6
tracking,2
"â€¢	long",1
standing,4
region,2
"â€¢	disaster",1
recovery,3
dollar,2
value,23
administering,9
requirement,8
contracts,1
exceptional,1
abilities,35
deputy,1
commissioner,1
requires,39
expected,39
closely,40
agency,1
oversight,33
counterparts,6
focused,25
alignment,6
bureau,1
vision,3
career,5
leader,22
bedc,1
team,42
player,84
capable,1
sustaining,6
culture,17
excellence,11
clients,22
within,224
bureaus,11
dep,1
facilitate,28
extraordinary,6
external,73
partnerships,28
collaboration,64
essential,15
largest,6
significant,8
related,18
nationally,4
locally,4
additional,1
skill,3
requirements,12
include:,8
extensive,6
specific,51
large,324
number,8
technical,52
water/wastewater,3
field,22
process,57
producing,15
quality,2
documents,137
consultant,18
vessel,1
electronic,5
control,3
monitoring,42
programmable,1
logic,4
controller,3
motor,1
controllers,4
switchboards,2
electrical,2
shipboard,2
circuits,4
good,1
law,9
manager,3
office,1
applications,7
following:,246
bachelor's,1
2+,29
full,3
time,52
accounts,5
payable,1
oriented,39
self-motivated,7
personable,2
manage,215
volume,19
workload,11
with:,2
financial,1
fms3,1
infoadvantage,1
crystal,1
reporting,9
accounting,12
bookkeeping,2
best,56
practices,124
orally,31
assist,5
members,50
handle,181
multiple,634
tasks,5
tight,100
online,4
print,10
"â€¢	strong",1
programming/cbt,1
"â€¢	proficient",1
scorm,1
ms,1
"â€¢	previous",1
training,16
administration,1
preparation,57
budgets,30
cost,65
estimates,14
storm,5
water/water,2
compliance,39
ms4,1
permits,8
relevant,8
limited,98
clean,2
act,1
amendments,2
particularly,46
40,32
cfr,1
parts,10
121,2
122,2
123,2
124,2
131,2
136,2
dealing,34
npdes,1
swmp,1
discharge,4
non-point,2
source,6
pollution,10
regulation,2
phase,1
legal,7
mandates,2
plans,113
objectives,38
permit,5
used,20
analyzing,100
residential,5
industrial,3
runoff/discharge,2
use,38
techniques,98
prepare,27
professional,1
correspondence,1
policies,1
resolutions,4
reports,26
procedures,67
publications,5
variety,74
drawings,60
specifications,62
graphic,33
materials,36
studies,1
encompassing,4
raw,2
data,20
pmp,1
principals,14
based,33
geographic,3
aided,1
drafting,18
cadd,1
arcview,1
database,6
minimum,1
designing,31
configuring,13
installing,10
troubleshooting,6
maintaining,48
voice,4
networks,11
performance,3
capacity,3
cisco,1
certified,6
network,1
technology,2
routers,1
switches,3
ios,1
nx-os,1
firewall,1
asa,1
intrusion,1
prevention,5
secure,5
fiber,4
channel,3
ip,1
avaya,1
telephone,41
strongly,130
voip,1
disaster,1
automated,26
failover,1
resilient,1
load,11
balancing,14
security,9
wireless,2
wi-fi,1
holder,4
one,4
sscp,1
cissp,1
ccna,1
ceh,1
security+,1
addition,81
ips/ids,1
next,1
generation,1
firewalls,1
log,14
architecture,1
endpoint,4
encryption,4
methodologies,30
incident,1
response,25
specialist,1
taken,11
passed,5
exam,1
7005,6
considered,29
proof,12
submitted).,5
equivalent,71
3-Feb,14
coalition,4
building,2
independently,353
north,1
central,1
brooklyn,1
neighborhoods,19
brownsville,1
east,1
bushwick,1
bedford-stuyvesant,1
spanish,1
bengali,1
watershed,8
sciences,1
natural,6
resourcesâ€™,2
unwavering,7
ethic,5
lid,1
esd,1
8,76
experienced,6
layout,29
details,48
shop,25
drawing,21
review,37
investigations,115
"1.	excellent",1
"2.	strong",1
attention,1
"3.	familiarity",1
"	good",1
"	strong",1
typing,4
speed,5
accuracy,5
"	familiarity",1
"	experience",1
entering,9
databases,13
questionnaires,5
forms,1
tim,1
#name,1
successful,13
supervising,54
teams,155
call,2
center,2
environment,61
demonstrated,1
coach,1
motivate,7
develop,13
key,7
indicators,4
business,4
drivers,1
telephony,8
application,1
technologies,1
visio,1
trends,27
social,1
media,12
tools,15
focus,1
superior,1
facilitation,8
simultaneously,120
interface,11
executive,2
level,3
supervisor,2
computerized,14
keeping,1
pressure,81
necessary,43
able,14
meet,164
several,11
stages,2
presentation,6
3+,35
specialized,23
role,38
includes,50
support,7
scale,6
n-tier,8
web,2
hands-on,3
warehouses,9
analytics,1
products,10
relational,38
dimensional,5
pl/sql,1
extremely,1
intelligence,4
tuning,3
modeling,7
html,1
xml,1
css,1
scripting,22
utilizing,34
sap,1
objects,6
administrating,5
object,7
implications,5
developing,99
high-availability,11
clustered,3
environments,51
unix,1
shell,3
architectures,19
cross,8
functional,24
solution,4
quality-focus,5
resolution,1
decision-making,25
directly,13
customers,15
elicit,1
document,28
clear,12
actionable,9
non-technical,76
weblogic,1
cluster,1
iis,1
j2ee,1
tomcat,1
jboss,1
websphere,1
have:,5
debt,11
collection,15
preference,3
given,144
comparable,7
ideal,12
shall,5
15-Oct,4
stormwater,7
site,11
facility,18
erosion,4
deliverables,34
he/she,1
regulatory,54
guidelines,12
scopes,20
scheduling,4
pollutants,4
concern,4
commonly,6
municipal,2
facilities,19
bmps,1
low-impact,4
native,2
plantcare,2
landscape-based,2
organizing,40
overseeing,12
individual,39
following,154
fms,1
fms/2,1
fms/3,1
fluent,1
english,1
either,45
french/creole,1
highly,3
geography,11
similar,47
least,359
four,33
projections,9
coordinate,31
cartography,7
topology,3
esri,1
desktop,1
alone,7
minimal,70
supervision,106
proven,10
demanding,23
geospatial,17
multi-user,1
versioned,1
enterprise,2
geodatabase,3
using,382
python,3
model,6
builder,1
esriâ€™s,1
interoperability,1
extension,1
detail-oriented,5
multi-task,103
quick,7
learner,9
observational,14
deduce,12
potential,34
impacts,16
conditions,51
assess,42
risk,11
adequately,14
describe,16
observations,14
child,11
protective,14
mobile,13
computing,1
devices,18
pertaining,3
fundamental,1
windows,1
linux,1
operating,8
dns,1
networking,1
oracle,1
storage,3
backup,16
trouble,3
shooting,3
qualification,7
2:00,6
baccalaureate,5
accredited,176
college,66
year,109
full-time,92
satisfactory,64
acquired,20
paralegal,2
assistant,13
b,2
obtained,8
approved,20
american,1
bar,1
association,1
supplemented,10
combination,16
12,19
semester,8
credits,11
u.s,1
history,3
political,1
science,3
criminal,36
justice,17
international,1
relations,1
completion,78
60,14
three,23
educational,27
state's,1
department,1
education,3
recognized,16
accrediting,8
primarily,12
secretarial,8
incidental,6
involved,18
assertive,25
organized,84
create,5
edit,14
filesite,1
"1.	broad",1
burners,5
boilers,5
generators,9
components,23
"2.	hands-on",1
repair,10
"3.	excellent",1
twic,1
requirement:,1
thirty,2
days,14
appointment,22
transportation,3
workers,3
identification,3
card,1
issued,17
us,1
engaged,6
appeal,2
waiver,2
completed,3
employees,18
renew,2
continue,4
duration,27
employment,4
preferably,112
6-Apr,4
yearsâ€™,109
engineer,1
lan/wan,1
plus:,12
datacenter,1
ccnp,1
ccvp,1
standards,5
protocols,43
install,7
configure,5
troubleshoot:,4
i.e.6500,2
nexus,1
2k,2
5k,2
7k,2
cat,1
3750x,2
3850,2
4500x,2
asa5500x,1
firewall/vpn,1
netscaler,1
balancer,4
points,6
meraki,1
channelized,2
t1,1
epl,1
routing,7
bgp,1
eigrp,1
ospf,1
rip,1
pbr,1
layer,7
vss,1
vsp,1
multicast,1
mpls,1
advance,1
15.x,2
ios-xe,1
snmp,1
netflow,1
sflow,2
sniffer,1
prime,1
prtg,1
solarwinds,1
syslog,1
wireshark,1
tcp/ip,1
addressing,16
fast,84
ethernet,1
gigabit,1
802.11b/g/n/ac,2
lan,1
802.1q,1
802.1x,1
vlans,1
hsrp/vrrp,1
qos,1
dhcp,1
wins,1
unix/linux,1
vmware,1
etc.,100
approaches,39
recognizing,11
resolving,19
hardware,3
problems,68
multitask,42
high-paced/high-pressure,10
group,1
complex,176
different,27
levels,58
service-oriented,16
attitude,32
osha,1
epa,1
dec,1
fdny,1
safety,11
indoor,1
iaq,1
meters,12
powe,1
applicants,1
title,10
analyst,3
knowledgeable,3
awwa,1
asce,1
isi,1
astm,1
manual,1
codes,1
quantity,6
take-off,2
estimating,40
spatial,18
concepts,86
part,40
dynamic,9
range,36
suitable,7
would,39
"	undergraduate",1
fields,5
"	competence",1
dos,1
platforms,19
"	proficiency",1
"	excellent",5
communications,18
"	ability",1
prioritize,169
strict,19
"	team",1
senior,19
managers,1
help,1
strategic,1
cordially,1
clerical,6
willingness,12
wide,5
assignments,92
top-level,1
features,5
â€¢extensive,1
commvault,1
simpana,1
â€¢lamp,1
stack,13
installation,47
configuration,9
experience.â€¢microsoft,1
2008,49
newer,8
â€¢microsoft,1
active,1
directory,1
exchange,1
2010,31
sccm,1
2007r2/scom,1
2007,4
experience.â€¢extensive,1
â€¢experience,1
ucs,1
c,2
7000,2
enclosures.â€¢experience,1
vsphere,1
5,3
later.â€¢linux,1
plus.â€¢the,1
â€¢effective,1
â€¢ability,1
identify,25
troubleshoot,28
resolve,35
timely,74
manner.â€¢create,1
innovative,24
solutions,1
administer,4
possession,1
maintained,28
length,2
serving,28
accr,1
311,4
math,6
code,1
net,1
java,1
script,3
scratch,4
dynamics,1
crm,1
2010/2013,4
plugins,9
c#,1
coding,3
2008/2012,21
store,6
procedure,2
/,67
ssis/ssrs/,1
design/maintenance,4
resources,1
competency,6
master,1
"planning,design",2
profiency,1
"â€¢	exceptional",1
demonstrable,1
presentations,70
foundation,1
understand,13
usersâ€™,2
translate,20
needs,105
sample,23
may,86
requested,14
production,33
artifacts,10
documentation,2
reconciliation,4
systems(e.g,2
activity,8
diagrams,14
orientation,31
payment,9
processing,39
audit,11
middle,1
back,3
banking,3
private,48
sector,13
client-facing,5
ms-project,1
output,10
many,2
prioritizing,25
fast-paced,154
critical,16
thinking,86
learn,54
adaptable,3
customer-focused,8
goal-oriented,6
commitment,15
quantitative/qualitative,9
representative,1
ccr,1
recent,1
qa,1
average,5
90,3
overall,21
evaluation,2
rating,2
higher,35
assisting,17
functions,28
assurance,2
paced,70
expertise,1
dohmh,1
doe,1
personnel,11
mus,1
current,1
registration,7
practice,35
registered,5
nurse,1
employement,1
wastewater,86
numbers,8
grade,3
4a,1
treatment,3
plant,17
operator,1
certificate,1
osh,1
cardio-pulmonary,1
resuscitation,1
"â€¢	5+",27
"â€¢	in",1
depth,22
ibm,1
mq,1
message,1
broker,3
ibi/iway,1
jms,1
"â€¢	expertise",1
deploying,11
available,1
sun,1
solaris/unix,1
"â€¢	database",1
xsl,1
"â€¢	ability",1
"â€¢	proven",1
deployment,46
"â€¢	working",1
bea,1
"â€¢	should",1
technologists,6
owners,12
end-users,14
see,4
without,19
guidance,3
works,51
cvs,1
ant,1
deployments,11
"â€¢	good",1
"â€¢	data",1
entry,25
experience-fluency,1
french,1
teamwork,23
change,3
restructuring,5
initiatives,1
adapt,44
changing,46
priorities,183
flowchart,3
applicant,1
driverâ€™s,1
operate,12
vehicle,5
draft,10
finalize,2
confidential,46
records,4
diverse,194
efficiently,44
function,42
providing,33
ehs,1
curriculum,19
delivery,1
modules,16
understandable,14
succinct,10
engaging,16
osha/pesh,1
nysdec,1
dob,1
collaborate,18
setting,91
maternal,5
breastfeeding,7
early,1
childhood,1
homeless,6
populations,26
family,1
engagement,27
provision,12
shelter,2
residents,10
pms,1
rmds,1
chrms,1
"â€¢	strategic",1
thinker,29
clinical,2
/or,10
health-related,4
community-based,4
improvement,4
activities,83
sexual,27
reproductive,14
masterâ€™s,1
university,4
conducting,9
director,1
responsible,28
medium,5
corporate,21
governmental,2
organize,41
implement,20
monitor,1
report,7
comprehensive,1
continuing,2
identifying,17
membership,1
nsdta,1
national,1
areas,5
bilingual:,1
knowledge/experience,3
speaking,40
population,13
patient,1
counseling,11
interviewing,7
stds,1
phlebotomy,1
flexibility,15
morning,1
afternoon,1
monday-friday,1
please,1
note:,1
evenings,13
broad,15
multidisciplinary,12
base,17
concurrently,16
non-related,8
conduct,35
bilingual/spanish,1
speaker,2
families,16
ã¢â‚¬â¢,1
handling,65
operation,35
noise,1
fuel,6
burning,3
climb,15
stairs,14
ladders,17
engage,24
walking,15
inspected,8
renovation,10
mandated,10
rodent/pest,1
mental,7
cursory,2
terminology,8
diagnosis,8
â€¢knowledge,1
cityâ€™s,1
purchasing,11
nycâ€™s,1
ppbr,1
priority,18
encumbrances,2
expenditures,2
possesses,3
care,16
willing,6
saturdays,1
late,2
bilingual,1
english/chinese,1
two,1
hospital,3
clinic,2
pacs/valid,1
familiari,1
15+,4
ten,7
responsibility,36
cross-functional,5
influencing,9
senior-level,2
stakeholders,142
resource,5
life,1
cycle,1
sdlc,1
fault,8
tolerant,2
emerging,4
directions,4
finance,1
class,1
servers,1
virtualization,3
solaris,1
9,34
10,101
rhel,1
5.x,4
6.x,4
7.x,4
especially,52
10k,4
12k,4
15k,4
veritas,1
mgr,1
siebel,1
novell,1
sendmail,1
jumpstart,1
ldap,1
tivoli,1
bladelogic,1
netiq,1
nfs,1
zones,1
redhat,1
satellite,1
iplanet,1
web-related,1
administrator,1
red,1
hat,1
administrator/engineer,1
institute,1
continuous,19
transforming,2
behaviors,3
towards,24
mindset,6
matrix,16
coaching,4
individuals,38
taking,18
account,1
inputs,2
solid,1
acumen,17
quantitative,87
creativity,5
delivering,29
driven,11
learning/coaching,2
driving,10
improvements,16
across,62
certification/experience,1
method,2
lean,7
six,21
sigma,7
read,49
power,1
point,1
providers,5
sectors,18
â€¢timekeeping,1
payroll,1
eforms/estubs,1
â€¢proficiency,1
â€¢excellent,1
demeanor,19
maintain,37
confidentiality,23
consideration,8
accomplishment,10
welfare,6
issues,317
permanency,15
well-being,7
home,4
placement,10
children,24
culturally,8
competent,5
impacting,4
foster,6
connections,1
strengths,7
solution-focused,4
centered,5
lists,5
advising,5
"â€¢	expert",1
prise,1
nycaps,1
labor,1
citywide,1
on-boarding,1
"â€¢	the",1
web-based,10
8years,2
product,25
waterfall,2
agile,7
liaise,2
user,5
mainframe,1
consumer,4
facing,6
websites,9
"â€¢	must",1
preparing,32
traceability,2
matrices,2
as-built,1
gap,2
flowcharts,2
etc,69
basic,1
fronted,2
determine,14
effort,2
build,41
timelines,39
expectations,16
define,20
test,25
scenarios,13
complete,60
according,12
acceptance,6
release,20
projects/tasks,2
varying,12
complexities,2
developers,13
users,48
"â€¢	participate",1
gather,7
articulate,17
"â€¢	spanish",1
encouraged,17
"â€¢	supervisory",1
hiv,1
patients,4
racial/ethnic,4
minorities,4
lgbt,1
doittâ€™s,1
"â€¢	demonstrated",1
tactful,1
long,11
term,3
relationships,117
colleagues,13
assessing,13
perspective,4
instrumentation,5
lighting,12
fire,1
p&idâ€™s,1
panel,2
layouts,2
schematic,2
wiring,2
instrument,4
scada,1
riser,2
accordance,8
established,1
schedule,48
nycec,1
nec,1
nfpa,1
ieee,1
ul,1
ansi,1
csi,1
produce,11
affecting,6
adolescents,10
disciplines,15
along,17
engineerâ€™s,1
independent,23
make,33
decisions,29
manner,87
at-risk,4
youth,7
results,55
overtime,7
accessible,4
evening,16
responding,6
short,6
timeframes,8
capability,2
undertake,4
executing,24
edge,1
portal,1
assets,4
cmdb,1
covering,6
aspects,27
integration,13
dashboard,3
tool,3
5-Mar,18
appboard,1
enportal,1
5+,29
html5,1
javascript,1
previous,1
queries,49
joins,6
lookups,4
mandatory,8
perl,1
discovery,2
bmc,1
addm,1
remedy,1
gateway,1
atrium,1
asset,24
classifications,2
netcool,1
quest,1
itil,1
v2/v3,2
give,7
category,4
exterminator,1
curious,2
thinkers,2
love,2
learning,43
things,3
tackling,2
challenges,14
daily,8
basis,24
â€¢proven,1
constituencies,16
â€¢applied,1
pilot,2
human-centered,4
â€¢strong,1
ideas,23
easy,8
â€¢substantial,1
interest,1
curiosity,4
regarding,14
balance,26
competing,77
situations,37
think,41
outside,26
box,10
novel,8
strategies,37
problem-solving,131
distill,10
material,20
recommendations,9
â€¢an,1
energetic,1
resourceful,23
results-oriented,1
selfstarter,2
standard,12
query,4
mcsa,1
collect,16
analyze,28
disseminate,4
amounts,28
hyper,1
text,7
markup,3
required.,2
#,4
6049,6
opened,4
2016,26
24,18
identity,3
provisioning,2
workflow,11
controls,3
"â€¢	3+",12
idm,1
10+,11
combined,3
ca,1
identityminder,1
siteminder,1
governanceminder,1
"â€¢	certified",1
divisionâ€™s,1
otps,1
purchase,1
requests,25
need,13
ps,1
hiring,1
sewer,13
preferable,8
formal,34
desk,1
supporting,68
400,8
technologies/processes:,8
citrix,1
xen,1
app,1
peripherals,5
performed,5
migrations,11
xp,1
certifications:,1
associate-v,1
professional-v,1
associate-infrastructure,1
pest,2
lexisnexis,1
procurements,12
start,6
fluid,9
negotiation,41
persuasive,8
programing,10
cat5/cat6,1
cabling,3
i.t,1
"	working",1
pats,1
qualitative,29
analyses,25
budgetary,5
human,1
non-profit,21
city's,1
languages,44
"â€¢	early",1
teaching,18
"â€¢	highly",1
investigator,3
nature,5
negotiator,1
motivator,1
solver,11
comfortable,9
phone,15
delinquent,1
debtors,1
negotiate,20
arrangements,1
firm,14
friendly,6
well-spoken,1
explain,5
owed,1
options,7
sales,1
marketing,7
informational,1
"â€¢	at",1
"â€¢	advanced",1
"â€¢	outstanding",1
stress,4
rights,37
laws,71
eeo,1
accurate,15
interpretive,4
present,41
intended,3
audience,25
responsive,6
people,102
throughout,47
shafts,5
tunnel,7
submitting,5
calculations,20
finite,1
element,1
fea,1
staad,1
pro,1
bentley,1
ram,1
elements,3
safe,1
phase2,1
rocscience,1
structural,4
reinforced,7
concrete,16
steel,7
structures,44
tactfully,8
stills,5
collegial,7
workplace,9
possess:,7
r,1
constraints,26
demonstrates,3
personal,7
initiative,88
imaging,1
desktops,4
laptops,4
ipads,1
sharepoint,1
telecom,1
inventory,1
airwatch,1
xora,1
vendor,1
like,53
a+,1
network+,1
itilv3,1
click,1
ffm,1
force,1
licensing,2
cooperatively,12
regulators,6
programâ€™s,6
oversee,13
adjust,14
hydrologic,2
"â€¢	a",1
e-discovery,1
matters,50
spreadsheets,24
forensic,1
ftk,1
encase,1
"â€¢	preferred",1
"â€¢	familiarity",1
educate,2
self,1
respect,6
tablets,4
clearwell,1
relativity,1
concordance,1
fyi,1
ringtail,1
dtsearch,1
robocopy,1
nuix,1
ecapture,1
escanit,1
"â€¢	project",1
outlook/exchange,1
explorer,1
file,16
ftp,1
diagnostics,3
domain,1
authentication,5
entitlements,2
email,18
boxes,6
pst,1
files,27
hard,10
drive,70
governance,2
protection,3
password,3
expiration,2
digital,34
signatures,2
holds,5
ediscovery,1
varonis,1
biscom,1
guardium,1
mcafee,1
remote,23
bomgar,1
remotely,6
permissions,2
mcp,1
issue,18
via,18
draws,28
scientific,38
travel,39
boroughs,24
week,6
residency,1
take,64
pass,1
lead,9
assessor,5
juris,1
doctorate,1
exemplary,1
proofread,2
clarity,2
precision,6
interpret,38
procedural,3
conditional,4
instructions,5
workflows,15
advice,2
counsel,1
acs,1
apt,1
establish,58
harmonious,6
"â€¢	effectively",1
clearly,5
fashion,20
agent,1
influence,20
mix,5
maps,12
zoning,1
switches/router/based,1
subnetting,3
ipv4/6,1
installation/troubleshooting,3
hardware/ios,1
28xx,1
29xx,3
38xx,1
39xx,3
series,3
unified,1
cucm,1
8.x/9.x/10.x,1
unity,1
connection,1
8.x/9.x,3
hcs,1
8.x,1
10.x,3
versions,21
dial-plans,1
h.323,1
sip,1
trunks,2
parameters,3
carrier,1
acem,1
packet,3
session,1
ucce/uccx,1
virtual,3
e.g.,39
formatting,10
creating,62
additionally,1
juvenile,19
statutes,6
hold,1
submit,5
filing,1
december,1
2015,9
sick,4
disciplinary,2
productively,13
attentively,1
listen,3
concerns,6
ask,1
probing,1
questions,6
overcome,1
objections,1
quickly,81
rapport,5
great,21
etiquette,5
liaising,3
entities,11
messaging,5
o365,1
powershell,1
mcse,1
2012,35
vault,1
archiving,1
retention,4
litigation,11
computers,24
particular,22
observa,2
archibus,1
specification,8
herman,1
miller,1
furniture,5
execute,34
pmi,1
progress,16
framework,1
#c,1
plug-in-experience,1
jquery,1
vmware/hyper-v,1
xenapp,1
area,3
router,3
switch,3
expert,1
clustering,1
3rd,9
adequate,1
certificates,14
san,1
exposure,1
literacy,28
low,7
voltage,10
beneficial,8
violation,2
form,33
off-hours,2
4-year,4
15-May,2
record/document,8
primavera,1
p6/p3,1
monthly,6
status,28
delay,4
impact,34
special,1
requirements:,7
meeting,44
assignment,3
described,42
â€œ1â€,4
served,4
8-Jun,4
life-cycle,12
enterprise-wide,6
in-house,11
multi-vendor,6
integrator,1
portfolio,1
ppm,1
agile/scrum,1
netapps,1
netbackup,1
cloud,1
rdbms,1
replication,1
content,9
smartphones,1
migration,4
upgrade,8
implementing,65
charter,3
conversion,6
gathering,26
cases,28
anticipate,16
risks,10
devise,4
moment,4
10-Mar,2
"â€¢	domain",1
housing,1
rehabilitation,3
fms2,1
ssdt,1
ssas,1
ssrs,1
ide,1
numerical,10
convert,3
major,4
transformation,8
transitions,2
x86,1
kvm,1
openstack,1
docker,1
containers,1
ansible,1
iaas,1
orientated,3
designed,2
around,16
paas,1
saas,1
platform,3
software-defined,2
compute,1
designs,5
vrealize,1
automation,16
sso,1
vsan,1
emc,1
hybrid,2
clouds,2
blocking,6
converting,2
continuity,1
recover,1
virtualized,1
infrastructures,2
capabilities,35
interaction,14
physical,16
netapp,1
"â€¢	vmware",1
"â€¢	cloud",1
vcap-cid,1
vcap-cia,1
vcdx-cloud,1
"â€¢	microsoft",1
365,18
azure,1
architect,1
cca);certified,1
ccp,1
"â€¢	emc",1
emccis);emc,1
it-as-a-service,1
"â€¢	ibm",1
advisor,1
"â¿	working",1
"â¿	excellent",1
"â¿	strong",1
"â¿	knowledge",1
directives,1
"â¿	proficient",1
trades,19
reviewing,29
lifecycle,1
terminologies,2
real,5
property,11
assessment,23
parallel,2
accomplishments,6
discipline,15
ny,1
case,10
communities,22
step,7
existing,31
unit,8
assume,5
inside,10
organizations,19
disability,11
vulnerable,8
resilience,2
nims,1
command,1
ics,1
city-wide,1
cims,1
all-hazard,1
ah-imt,1
emergency,33
multi-discipline,2
varied,4
settings,23
smartsheet,1
basecamp,1
distributed,6
sources,44
db,2
export,2
utility,16
notice,2
creation,18
speak,18
estate,5
valuation,1
taxation,2
exemption,2
include,38
piping,9
hvac,1
compressors,1
plants,8
e-gordian,1
auto,1
dba,1
multi-site,5
mirroring,8
shipping,5
partition,4
auditing,12
connected,4
backup/recovery,1
strategy,13
performing,66
future,10
growth,22
cpu,1
symantec,1
implementing/managing,4
rac,1
grid,2
asm,1
filesystem,1
adding,4
disk,12
patching,12
instance,4
caging,4
huge,4
pages,1
configuring/supporting,4
option,1
golden,1
gate,1
awareness,1
competitive,1
listening,20
"â€¢	computer",1
maven,1
disease,18
surveillance,18
public-speaking,2
search,26
fiscal,11
results-driven,1
accountable,2
navigating,9
thorough,1
entire,3
job,3
opening,1
roles,12
sought,11
valued,3
audits,3
business/technical,2
grasp,8
integral,2
investigation,1
â€¢bachelorâ€™s,1
â€¢2-5,2
â€¢demonstrated,1
deliver,17
inception,6
impeccable,4
â€¢exceptional,1
â€¢outstanding,1
enterprising,4
self-starter,18
thrive,27
high-performance,10
â€¢integrity,1
credibility,12
beverage,1
hospitality,1
advisory,5
mastery,4
stateâ€™s,3
economics,3
statistics,5
energy,1
efficiency,15
stakeholder,12
groups,103
eit,1
preffered,1
respond,20
emergencies,8
â€¢3-5,2
consulting,1
comfort,3
models,29
sets,36
â€¢able,1
look,17
big,28
picture,19
insightful,19
among,27
opportunities,26
â€¢enterprising,1
â€¢energetic,1
pro-active,16
collaborative,4
team-player,6
enjoys,4
multi-stakeholder,2
economic,41
looking,13
professionalism,17
come,7
expect,5
combines,9
crowds,1
open,7
ecosystem,3
cities,1
advocates,5
"â€¢	independent",1
spontaneous,1
outages,1
discrepancies,1
eliciting,1
documenting,13
leading,39
"1.	strong",1
affordable,22
"2.	familiarity",1
hpd,1
hdc,1
hfa,1
hcr,1
"3.	knowledge",1
"4.	an",1
verbally,41
literate,8
typical,4
e.g,33
cost/cash,2
flow,11
"5.	demonstrated",1
competencies,3
"1.	project",1
comprised,8
departments,6
remaining,4
"2.	attention",1
vigilance,2
"3.	problem",1
actions,10
mitigate,4
"4.	collaborating",1
"5.	communicating",1
skilled,3
presenter,2
sdn,1
dc,1
switching,3
fabricpath,1
vpc,1
load-balancing,1
vpn,1
optical,3
"â€¢	broad",1
internetworking,2
designation,2
"â€¢	global",1
roadmaps,3
1pv4/6,1
"bgp,isis",1
hardware/os,1
72xx,2
65xx,2
37xx,2
3-Feb,2
ace,1
gss,1
balancers,2
f5,1
dwdm,1
roadm,1
rpr,1
sonet,1
"â€¢	ccnp",1
positively,6
direct,30
"â€¢	have",1
hazards,6
precautions,7
preventative,2
hand,16
lubrication,4
electric,4
tester,4
pool,8
washer,4
water/chemical,4
kits,4
efficient,14
member,22
"â€¢	proficiency",1
programs:,16
pumping,11
station,11
contributor/team,2
substations,8
distribution,7
centers,3
pump,2
alarm,6
reconstruction,16
expansion,5
joints,5
docks,5
bulkheads,5
sanitary,1
inspecting,1
establishments,1
legacy,15
pertinent,5
"1)	ms",1
"2)	access",1
"3)	financial",1
"4)	vendex",1
"5)	automated",1
phd,1
mentioned,2
insurance,2
deli,2
2,4
library,1
reference,6
instruction,12
obtain,27
40-hour,6
hazwoper,1
eh&s,1
listed,2
ms-office,1
eligible,30
laboratory,6
technologist,1
58,6
article,1
165,22
august,1
knowled,2
maritime,4
diesel,4
diesel/electric,2
engines/motors,2
auxiliary,2
ism,1
passenger,2
ferry,2
evaluating,16
scripts,3
tolls,2
qtp,1
selenium,1
defects,9
calculation,2
bank,1
reconciliations,2
comprehensible,2
tailor,6
inquisitive,5
investigative,21
info,1
advantage,1
pivot,1
tables,29
charts,13
vlookups,2
formulas,9
personality,2
allow,4
aptitudes,2
dispositions,4
interview,13
contact,7
tracing/partner,8
notification,8
medical,3
outreach,39
september,1
bi-lingual:,1
presenting,34
micro,7
station/autocad,1
3-d,1
locations,17
ap,1
universal,1
"â€¢	demonstrates",1
meet/manage,2
aggressive,6
"â€¢	preferences",1
"1.	knowledge",1
"2.	ten",1
program/,2
"3.	preferences",1
"4.	demonstrated",1
"5.	ten",1
"6.	experience",1
coordinating,45
"7.	five",1
infection,6
precaution,6
demonstrating,9
keen,3
exercise,11
accomplish,6
inter,2
chapter,1
13,2
vendex,1
automatic,3
evaluative,4
objective,10
nigp,1
buyer,1
cppb,1
ceqr,1
frameworks,25
seqra,1
nepa,1
acoustics,2
climate,6
sustainability,22
contaminated,1
etl,1
involving,38
flat,1
vsam,1
rdms,1
"""hands",2
"on""",2
oltp,1
interpreting,21
hands,2
warehouse,5
implementations,23
efforts,14
success,32
justify,2
terms,18
non-relational,2
patterns,1
modifications,2
broader,2
creatively,24
incorporate,2
end,32
mind,4
interruptions,2
structured,10
approach,19
direction,26
storehouse,2
multi-tasking,17
ba,1
really,2
want,2
hear,2
experience:,1
"â€¢	12+",2
scrum,1
development/management,2
"â€¢	4+",2
directing,12
ideally,2
8+,4
"â€¢	organizational",1
integrating,18
elicitation,2
validation,8
"â€¢	high",1
layers/components,2
on-premise,4
"â€¢	use",1
proactive,3
"â€¢	workshop",1
strategically,21
numerous,2
gov,1
lab,1
studioâ€™s,1
team-building,2
"â€¢	specialized",1
scrum/project,1
scrummaster,1
honed,2
".	applicant",1
"	bi",1
lingual:,1
"1.	a",1
"2.	managerial",1
conflict,46
"4.	knowledge",1
hazardous,7
"5.	contract",1
"6.	hydraulic",1
"â€¢	patient",1
"â€¢	fluent",2
"â€¢	nys",1
alternative,27
immunization,2
extracting,7
"â€¢	travel",1
"2.	knowledgeable",1
design/operations,1
cso,1
"3.	strong",1
criteria,3
"4.	excellent",1
epidemiological,8
demography,4
manipulating,9
geographical,1
population-based,2
datasets,30
nhanes,1
brfss,1
claim,6
expenditure,2
i.e.,16
sparcs,1
meps,1
publishing,2
top-tier,2
journals,2
irb,1
primary,12
become,4
topic,2
nursing,1
ob/gyn,1
low-income,24
"1.	experience",1
strength,2
"2.	excellent",1
"4.	a",1
relating,12
"5.	excellent",1
"6.	excellent",1
"7.	knowledge",1
"8.	bilingual",1
pe,1
project-based,7
emphasis,28
waterfront,4
coastal,3
specialties:,2
port,1
offshore,1
engineering/,1
well-developed,1
verbal/written,6
masters,1
reviews,18
reviews/process,5
evaluations,14
preventive,1
navigate,21
furthermore,1
well-defined,3
completing,11
past,1
"â€¢	managerial",1
drainage,12
hydraulics,6
"â€¢	candidates",1
enforcement,74
sytecch,1
adacs,1
pen-link,1
thomson,1
reuters,1
lexis,1
nexis,1
accurint,1
i2,2
analystâ€™s,1
notebook,1
software(optional,1
"â€¢	self-driven",1
little,12
iv,1
"""qualification",1
"requirements""",1
criminalist,1
gained,4
i-b,1
ii,1
iii,1
criminalistics,2
total,4
totaling,5
society,1
crime,11
directors/laboratory,1
accreditation,5
ascld/lab,1
standardization,1
electro-technical,1
commission,1
isa/iec,1
17025,2
assessors,2
duties,29
iso,1
scene,3
"1.	four",1
"2.	one",1
paid,14
consultative,6
hud,1
"â€¢	served",2
aphs,1
nysdol,1
asbestos,1
inspector,1
comply,7
"â€¢	actively",2
participate,12
blood,1
borne,1
pathogen,1
capital,1
boilerplates,4
bid,1
flood,2
mitigation,3
resiliency,9
motivated,25
plumbing,1
fire/life,4
elevators,4
proficiently,5
thoroughly,5
wear/use,2
word/outlook/excel/access/powerpoint,1
pleasant,1
"â€¢	business",1
prioritization,8
"â€¢	prior",1
coursework,6
communicable,2
expe,1
hospitals,11
healthcare,1
professionals,3
arithmetic,3
write,64
carrying,25
constantly,24
approximately,50
18-20,24
pounds,59
handheld,24
laptop,27
weighing,27
hours/week,24
usepa,1
nycdob,1
"2.	certification",1
hygiene,1
"3.	demonstrates",1
"4.	independent",1
worker,3
requiring,33
day-to-day,10
"5.	five",1
"6.	valid",1
"â€¢	valid",1
task,19
sensitive,41
hr,1
e-hire,1
citytime,1
dcas,1
hire,6
graphics,8
logo,2
computer-driven,2
thermal,2
vinyl,4
cutting,2
plotters,2
lay,4
draw,20
lettering,2
logos,2
signs,2
flexi,1
utilize,22
letters,16
reflective,2
non-reflective,2
sheeting,4
applies,4
substrate,2
aluminum,2
metals,2
plastic,2
wood,2
glass,2
facets,6
silk,2
screens,2
discretion,50
court,1
sites,23
lawmanager,1
reading,9
blueprints,11
stringent,3
positive,9
sophisticated,3
peers,12
administrators,5
agility,1
core,1
instruct,1
fraud,1
examiner,1
accountant,1
internships,2
v,9
lookup,1
relationship,1
xrm,1
crm/ax,1
salesforce,1
client/server,4
crm/xrm,1
environment:,2
customization,3
schema/entity,1
queues,1
bus,2
biz,1
talk,1
customize,2
ui/combination,1
sharp,2
insert,2
update,2
delete,2
api,1
plug-ins,2
"â€¢	exposure",1
methodology,18
version,1
tfs,1
jeera,1
"â€¢	technical",1
technologies:,1
programming,8
vb.net,1
css/javascript/html5,1
bootstrap,1
angular,1
iib,1
preferences,1
"1)	ability",1
lap-top/tablet,4
desk-top,4
"2)	highly",1
"3)	knowledge",1
nys/dol-pesh,1
nycfdny,1
"4)	ehs",1
"5)	professional",1
csp,1
asp,1
cpea,1
cih,1
chmm,1
auditor,1
14001,4
oshas,1
18000,4
"6)	strong",1
"7)	ability",1
"8)	ability",1
"9)	ability",1
summaries,4
memoranda,8
"10)	ability",1
"11)	ability",1
restrictive,10
"1.	minimum",1
conformity,2
manufacturing,7
welding,1
welder,2
"	",2
"2.	mechanical",1
fabrication,2
"3.	general",1
supply,3
aws,1
asme,1
boiler,3
bpvc,1
"5.	preference",1
cwi,1
non-destructive,1
ndt,1
"6.	demonstrates",1
"7.	strong",1
clean/wastewater,2
valve,2
"2.	knowledge",1
aisc,1
petroleum,1
"3.	experience",1
selection,5
alterations,2
"4.	preference",1
"5.	demonstrates",1
"6.	strong",1
engineers/architects,4
deadline,14
land,4
multi-party,4
flows,10
savvy,2
disparate,6
personalities,2
provider,8
cybersecurity,8
quantify,4
cyber,20
prioritized,4
schema,1
recommend,14
tactical,10
courses,8
action,19
uplift,4
deep,9
threat,12
landscape,1
attack,6
mitigation/remediation,2
forensics,5
cisa,1
cism,1
ccfp,1
common,28
27001,2
cobit,1
nist,1
connectivity,15
dmz,1
hosting,6
ciso,1
privacy,12
applying,23
innovation,10
15,10
"2.	experience",1
"4.	civil",1
relates,15
"5.	management",1
"6.	communication",1
"7.	interpersonal",1
mentoring,16
"8.	technical",1
"4.	",4
"5.	knowledge",1
"7.	experience",1
"8.	a",1
"9.	ten",1
xendesktop,1
certications:,1
v3,10
indicate,2
cover,5
letter,10
note,1
submitted,10
"â€¢	degree",1
eoc,1
"â€¢	completion",1
100,8
200,4
300,6
nycem,1
elected,31
officials,46
"â€¢	maintaining",1
"â€¢	respond",1
24/7,8
non-typical,2
shifts,4
holidays,2
architecting,8
scalable,7
"â€¢	8+",4
"â€¢	extensive",1
mvc,1
orm,1
mysql,1
ajax,1
angularjs,1
technologies/concepts,2
soap,1
rest,1
wsdl,1
json,1
lucene,1
engines,14
elasticsearch,1
solr,1
test-driven,1
teamcity,1
hudson,1
jenkins,1
front-end,6
zurb,1
twitter,1
visual,1
studio,1
eclipse,1
cvs/,1
subversion/git,1
"â€¢	great",1
"â€¢	be",1
autonomous,4
php,1
android,1
printers,9
â·,1
scope,20
breakdowns,2
innate,2
desire,16
question,2
quo,2
domains,4
improving,23
improve,11
theories,10
"i)	minimum",1
"2)	project",1
"3)	demonstrated",1
"4)	ability",1
set,32
often,12
milestones,6
follow,18
"5)	able",1
"6)	excellent",1
"7)	outstanding",1
"8)	experience",1
"9)	expertise",1
ie,1
desktop/laptop,6
smart,1
phones,2
real-time,10
exhibit,8
bachelor,1
edition,3
obiee,1
"â€¢	performance",1
warehousing,3
near,6
traditional,3
bi,1
loader,1
odi,1
"â€¢	sound",1
asp.net,1
4.0+,2
demonstrate:,11
"â€¢	in-depth",1
transact-sql,1
2013,24
productivity,1
audiences,44
persuade,4
explore,2
positions,24
alternatives,2
reach,4
outcomes,5
gain,2
parties,12
organizationâ€™s,2
appropriate,28
allocate,2
ensure,34
stability,6
â€œwaterfallâ€,1
suite's,1
defect,3
i.e,32
request,5
ticket,6
share,10
project/issue,2
atlassian,1
jira,1
rally,1
relevance,2
commissioning,4
movable,2
bridges,6
improvise,2
innovate,2
unusual,2
arise,9
expediting,6
multi-agency,2
timekeeping,4
nycers,1
deferred,1
compensation,1
benefits,3
fund,1
leade,1
suspension,2
span,2
bridge,1
soft,6
"â€¢	self-starter",1
sense,26
urgency,12
"â€¢	sense",1
roll,4
instructor,2
trainer,1
adult,25
expense,1
evaluate,11
"â€¢	2+",5
experience3+,1
wcs,1
synchro,1
sidra,1
aimsun,1
vissim,1
highway,1
researching,8
buildings,2
subject,16
mep,1
holding,2
workshops,8
usgbc,1
credentials,8
mis,1
â team,1
payments,3
end-to-end,2
execution,18
"â€¢	understanding",1
purpose,2
applicability,2
popular,2
non-functional,2
running,6
specifics,6
â€œmobile,2
friendlyâ€,2
browser,8
ui,1
communicating,12
compatibility,4
"â€¢	interest",1
acquire,2
plus::,2
"o	content",1
teamsite,1
"o	commercial",1
google,1
appliance,1
"o	cots",1
intelligence/analytical,1
jasper,1
"o	ldap",1
"o	etl",1
informatica,1
"o	xml",1
modes,2
schemas,3
formats,8
csv,2
purposes,2
"â€¢	practical",1
soa,1
concept,10
functionality,25
soapui,1
automating,8
steps,4
"â€¢	flexibility",1
called,2
peak,2
times,6
"â€¢	comfort",1
data-driven,4
multi-functional,2
attorney,1
non-attorney,2
FALSE,2
advertising,10
"1.	bachelors",1
"2.	minimum",1
"3.	intermediate/advanced",1
"4.	experience",1
grading,8
post,1
"5.	experience",1
long-term,22
ability:,8
confident,8
writer,10
confidence,25
discuss,30
initiate,23
constructive,14
criticism,14
feedback,18
consistent,16
retaining,1
wall,1
sea,2
walls,2
chambers,4
streets,1
up-to-date,15
aashto,1
nysdot,1
nycdot,1
aci,1
earth,2
structure,17
70e,1
schematics,4
orders,6
variable,2
ac,1
drives,2
small,32
permanently,4
electrician,1
intranet,1
of:,8
night,4
shift,4
"â€¢	8",2
backend,4
j2ee/.net,1
passionate,4
enthusiastic,6
iphone/android,1
facebook.com,2
twitter.com,2
objective-c/swift,1
css3,1
"â€¢	solid",1
git/svn,1
"â€¢	php",1
cgi,1
cordova,1
civil/structural,4
nurture,6
inspire,10
mentor,6
precisely,4
constructability,4
profound,3
generally,8
accepted,10
statement,4
governing,8
concentrated,1
placements,2
hardware/software/peripherals,6
large-scale,26
wan,1
http,1
goverlan,1
"â€¢	customer",1
concise,35
"â€¢	comfortable",1
engineering/construction,10
difficult,20
cadd/highway,1
lrfd,1
knowledge/preferred,1
skills/abilities/,1
11,8
important,12
submissions,1
dot,1
overflow,1
landfill,2
remediation,8
"2.	ability",1
lift,10
equipment/boxes,2
50/60,2
lbs,2
access/control,2
authorization,4
vulnerability,7
assessments,3
resulting,2
proactively,6
professionally,10
auditors,2
ensuring,4
company,8
properly,6
protecting,6
interests,7
shareholders,2
high-level,9
trust,6
detection/protection,1
vulnerabilities,5
multi-factor,1
os,1
antivirus,3
federated,1
cryptography,3
exploitation,2
pathologies,2
denial,2
sync,2
attacks,2
malicious,4
cracking,2
securing,4
"solutions,etc",2
car,2
pluses,2
hhs,1
accelerator,1
sewage,2
delegating,2
short-term,2
subordinates,2
negotiations,6
contracting,3
whole,6
reengineering,6
philosophy,6
regional,14
union,6
leaders,19
workforce,3
type,3
rate,5
55,7
wpm,1
errors,9
less,3
confined,7
space,7
engineer-in-training/fundamentals,1
e.i.t./f.e.,1
ssa,1
concerning,8
"â€¢	skill",1
exercising,2
tact,6
diplomacy,11
7-10+,2
entrepreneurial,7
talent,1
made,2
lasting,2
effectiveness,4
collaborating,12
neighborhood,10
players,2
investments,4
instigating,2
changes,1
cultures,2
authority,1
junior,2
"â€¢	master's",1
switchgear,6
switchgears,2
transformers,2
fresh,2
con,1
edison,1
nyseg,1
utilities,7
"â€¢	critical",1
"â€¢	oral",1
heavy,1
"technology	",2
"â€¢	operation",1
visits,6
attendance,3
meetings,36
detention,4
problem-solve,6
mission,21
web/client-server,2
apps,2
design:,2
wireframing,2
1+,4
front,11
backbonejs,1
emberjs,1
phases,14
rup,1
member/developer,2
estimate,2
commitments,2
architectural,1
build/operations,1
knowledge/skills,2
lte,1
td-cdma,1
hsdpa,1
"1.	at",1
"2.	in-depth",1
pl-sql,1
t-sql,1
vba,1
visualization,1
"5.	proficiency",1
"6.	knowledge",1
advantageous,4
"8.	excellent",1
creative/innovative,2
characteristics,2
condensate,1
filed,1
paper,1
7019,1
escort,1
"â€¢	bachelors",1
"â€¢	10",2
relevent,2
"â€¢	professional",1
"â€¢	possess",1
corrosion,1
"1.	autocad",1
"3.	engineer-in-training/fundamentals",1
"4.	minimum",1
regard,4
appropriations,2
county,2
governments,6
"â€¢	thorough",1
size,2
costs,6
"1.	ten",1
progressively,15
increasing,6
"2.	exceptional",1
"3.	extensive",1
individualsâ€™,2
encouraging,4
cohesive,8
"4.	strong",1
scoping,13
ppb,1
procurement-related,2
oaisis,1
construction-related,4
modification,6
"administration,from",1
seven,1
description,1
cpa,1
bear,5
weight,1
array,5
solar,1
roofs,6
mechanisms,3
greenhouse,3
reduction,11
iterative,11
simple,5
loadrunner,1
cms,1
wordpress,1
drupal,1
always,4
better,2
zephyr,1
"1.	preference",1
"2.	project",1
"3.	five",1
fifteen,1
"4.	advanced",1
statistical/,2
"5.	advanced",1
"7.	experienced",1
"8.	proficient",1
"9.	ability",1
"10.	demonstrates",1
mph,1
"â€¢	heavy",1
rock,2
excavation,2
mass,12
academic,29
leasing,12
areas:,8
design/construction,2
project-related,2
schedules,11
keep,11
interacting,10
appraisals,2
"â€¢	comprehension",1
mature,4
validate,8
transaction,1
unexpected,4
events,10
occur,2
10-Jul,4
"â€¢	superior",1
lease,6
"â€¢	teamwork",1
cooperation,2
"â€¢	an",1
descriptive,6
multivariate,2
helpful,17
"1.	10+",4
"6.	ability",1
integrate,6
importance,8
"8.	demonstrated",1
measurable,4
"9.	the",1
boundaries,6
affect,4
"10.	the",1
"11.	strong",1
relationship-building,6
"12.	strong",1
"13.	project",1
"14.	ability",1
"15.	demonstrates",1
"16.	familiar",1
geotechnical,6
rough,4
terrain,6
weather,24
carry,20
35,14
moderate,8
pc,1
detailed-oriented,1
â€¢possession,1
â€¢prior,1
light,3
20-50lbs,2
advanced/intermediate,1
leave,1
non-competitive,3
estimation,6
qualified,3
qrwi,1
display,10
competence,1
settlement,2
dedication,1
pre-existing,4
pitching,4
placing,4
stories,3
cooperative,3
associates,4
play,6
domestic,16
violence,18
"â€¢	j.d",1
m.s.w,1
nonprofit,7
frontline,8
giving,2
affairs,14
ranking,2
boards,6
official,2
offices,3
updated,14
understands,1
elevated,2
flagged,2
periods,4
cannot,2
achieved,2
frame,2
"2.	six",1
"3.	proven",1
"5.	a",1
"6.	profound",1
"	knowledge",1
substance,7
harm,8
theory,8
syringe,4
overdose,4
hepatitis,1
"	sensitive",1
ethnic,6
racial,8
cultural,1
backgrounds,4
gender,8
identiti,2
likely,11
context,4
interplay,2
coherent,2
compelling,4
narrative,2
examples,1
pursuit,2
ambitious,6
targeted,4
yorkers,1
gaining,2
becoming,2
applicant's,2
7+,10
d82,1
s+,1
concisely,23
nycstreets,1
e,1
f,1
knowledge/skills:,1
customizations,14
configurations,10
2013/2015/2016/365,4
consuming,6
wcf/rest,1
services/webapi,1
3.5,17
7.5,6
wcf,1
timeline,12
"â€¢	certifications",1
webapi,1
competencies:,1
"â€¢	take",1
ownership,6
situation,6
"â€¢	demonstrate",1
self-learning,2
"â€¢	excel",1
"â€¢	willing",1
teach,4
reliability,5
dependability,6
follow-through,8
mid-level,1
executives,4
camera,1
audio,1
blackberry/pda,1
ipad,1
sla,1
tickets,6
get,14
done,10
self-manage,12
"1.	a+",1
"2.	the",1
dna,1
swabbing,18
"3.	this",1
identified,14
â€œessential.â€,10
essentialâ€,4
require,23
24-hour,10
availability,12
"4.	qualified",1
applied,24
examination,6
#7003,4
#7508,4
examinations,8
found,4
website,8
www.nyc.gov/html/dcas,4
classification,3
investment,16
vlookupâ€™s,1
division,3
"â€¢	comprehensive",1
protocol,6
"â€¢	key",1
topologies,2
"â€¢	situational",1
enhancements,4
"â€¢	certifications:",1
giac-gcfa,1
chfi,1
cce,1
ence,1
cptc,1
cpte,1
ecsa,1
csta,1
oscp,1
cept,1
words,5
per,13
minute,13
"1.	selected",1
"2.	in",1
designated,6
role:,4
retirement,4
performers,4
regardless,4
upper,4
persuasively,6
factor,1
interfaces,10
maximize,4
usability,8
filenet,1
cics,1
kofax,1
"2.	this",1
â€œessentialâ€,8
sometimes,4
msw,1
licensed,3
lcsw,1
lmsw,1
psychology,1
licensure,8
psychiatric,18
trauma,6
emotions,6
behavior,3
including:,14
dual,6
diagnoses,6
illness,1
abuse,22
developmental,8
problematic,6
disorder,6
violent/aggressive,6
acute,10
adjacent,6
adherence,8
pay,12
careful,8
lts,1
accurately,14
staffing,4
recruiting,1
acquisition,1
retrieve,2
bachelors,1
diplomatic,6
spreadsheet,18
superb,1
integrity/honesty,2
continual,4
motivation,2
leveraging,4
diversity,1
accountability,12
decisiveness,2
entrepreneurship,2
coalitions,8
involves,2
internally,3
private-sector,2
foreign,1
partnering,2
influencing/negotiating,2
businesses,17
unstructured,4
â€¢intermediate,1
vlookup,1
â€¢well-developed,1
distil,2
29,14
1910,6
1926,6
hazard,1
injury,8
ih,1
nosql,1
mongodb,1
integration/deployment,4
"â€¢	pmp",1
"â€¢	mcsd",1
"â€¢	experience/knowledge",1
js,1
mayoral,2
tangible,2
delight,2
juggling,2
simultaneous,8
"â€¢	track",1
visionary,2
finish,2
iot,1
blockchain,2
simply,4
convincingly,2
inspiring,4
enthusiasm,5
consensus,12
civic,5
"â€¢	self-motivated",1
directed,4
lfrd,1
aashtoware,1
lars,1
lusas,1
mdx,1
larsa,1
physicians,6
certificatio,1
passport,1
subsequent,10
admission,11
"â€¢	one",1
"â€¢	",6
installations,14
"â€¢	abilities",1
comprehension,1
expression,2
trade,11
summary,2
deviations,2
architect/engineer,2
actual,6
bids,4
auditor-in-charge,2
prosecutor,6
collecting,13
evidence,9
technological,1
ethics,14
jd,1
doitt,1
centric,4
itsm,1
"â€¢	10+",7
high-pressure,13
licenses,8
warranties,2
2003,6
delegation,6
esx,1
hyper-v,1
pbx,1
network/system,2
"â€¢	direct",1
acco/procurement,1
style,27
"â€¢	able",1
2013/2015/2016/office,1
findings,24
"1.	written",1
"2.	teamwork",1
"3.	organizational",1
"4.	engineering",1
substantial,4
functioning,2
18,4
months,18
tort,3
adjusting,2
claims,10
appearances,1
courts,1
located,2
"1.	over",1
bim/cad,1
revit,1
"2.	experienced",1
bim,1
"5.	deep",1
navisworks,1
recap,1
infraworks,1
"7.	extensive",1
introduced,2
"8.	ability",1
section,1
"9.	strong",1
diligence,4
"11.	experience",1
tie,2
"12.	ten",1
aec,1
"13.	experience",1
eliminate,2
repetitive,2
"14.	experience",1
incorporating,2
releases,4
updates,16
subscription,2
"15.	experience",1
annotative,2
blocks,2
lisp,2
template,2
custom,16
parametric,2
formula,2
nested,4
catalogs,2
"16.	experience",1
clash,2
detection,5
4d,1
5d,1
simulation,2
phasing,2
logistics,4
"17.	experience",1
laser,2
scanners,2
capture,4
conjunction,4
autodesk,1
leica,1
cyclone,1
matterport,1
"18.	familiar",1
ifc,1
cobie,1
"19.	highly",1
"20.	familiar",1
sharing,8
distribute,3
authoring,1
splicing,6
included,2
multi,6
otdr,1
fusion,2
splicers,2
cable,5
pulling,2
ks,1
manhole,2
manhattan,1
optic,4
video,8
genatec,1
havc,1
cooled,2
freon,1
intelligent,3
microwave,3
sensors,3
ez-pass,1
tag,2
reader,2
journeyman,1
battery,2
fly,1
wheel,2
excess,2
megawatt,2
loaded,2
unloaded,2
world,2
blackout,2
traffic,9
signal,1
street,6
interpretation,8
legislation,4
cs,1
3d-modeling,1
policy-making,1
cognitive,1
reasoning,8
pediatric,7
supervisor/manager,2
chartsâ€™,2
utilization,6
computer-based,15
psychiatry,13
msn,1
plumbers,10
backflow,1
bfp,1
dep's,1
politics,2
representing,4
employers,4
profile,4
perspectives,8
conflicts,6
bms,1
a-35,1
fitness,1
p-99,1
oil,1
fema,1
fhwa,1
fta,1
â€¢a,1
â€¢new,1
residence,2
"1.	one",1
"2.	preferences",1
shaft,2
/facility,2
"6.	preference",1
"8.	preference",1
fundamentals,1
fe,1
"9.	demonstrates",1
nutrition,2
sanitation,2
serve,5
advancing,4
equality,4
opportunity,1
inner,2
sub-queries,4
assistance,4
"2)	excellent",1
"3)	excellent",1
"4)	strong",1
"5)	data",1
"6)	ability",1
final,1
on-site,6
uscg,1
shipbuilding,2
"â€¢	field",1
"â€¢	contract",1
"â€¢	team",1
permitting,6
seqra/ceqr,1
depâ€™s,1
discharges,1
separate,1
hydro,1
hec,1
tr-55,1
"â€¢	basic",1
hydrology,4
analysis/modeling,2
decisively,2
"â€¢	maintain",1
principle,4
involvement,6
adapting,4
differing,4
"â€¢	deal",1
diplomatically,5
persons,16
correctional,12
grants,8
"â€¢	jd",1
criminology,3
"1.	proficient",1
"2.	possess",1
"â€¢	permitting",1
"â€¢	equipment",1
"â€¢	codes",1
"â€¢	shop/field",1
"â€¢	risk",1
difference,2
"â€¢	environmental",1
"3.	able",1
compare,2
deficiencies,2
"4.	able",1
format,1
grammatical,2
"5.	able",1
variances,2
baseline,2
"6.	employ",1
"7.	preferences",1
e-builder,1
sage,1
extensions,2
add-ons,2
archydro,1
platforms:,1
arcsde,1
pyt,1
motion,2
trial,1
appellate,6
investigate,4
address,12
factual,10
logical,17
advocate,3
circumstances,2
propose,4
practical,9
close,13
helping,4
cooperate,2
receive,2
"â€¢	preference",1
"2.	demonstrates",1
"3.	independent",1
"4.	five",1
"5.	valid",1
s12,1
s13,1
s14,1
military,3
police,1
oral/written,3
trunk,1
main,2
billing,2
"â€¢	significant",1
"â€¢	administrative",1
legislative,6
"â€¢	history",1
volunteerism,37
viewed,37
favorably,32
references,6
candidateâ€™s,3
reviewer,2
10x,6
sde,1
datastore,1
appbuilder,1
arcpy,1
mapping,19
possible,12
vdi,1
esxietc,1
lmsw/mph,1
lmhc,1
prescribed,5
course,18
study,14
council,1
dept,1
complicated,12
harassment,4
"skills	",2
"â€¢	technological",1
risk/fraud,2
entity,1
graphing,2
acl,1
pooling,4
dashboards,11
"â€¢	fluency",1
dycd,1
contracted,6
appointment.,1
"2)	strong",1
e-learning/computer-based,1
cbt,1
"4)	knowledge",1
module,2
"5)	research",1
"7)	strong",1
"8)	excellent",1
"12)	ability",1
"13)	proficient",1
"14)	previous",1
salary,1
commensurate,1
experience):,1
planning/management,8
awarded,6
â€¢specific,1
contractorsâ€™,4
â€¢familiarity,1
young,6
"â€¢	capacity",1
intentionally,4
"â€¢	creative",1
"â€¢	self-motivation",1
ongoing,4
"â€¢	vcp",1
smp,1
arrays,1
multi-platform,2
sfdc,1
converged,1
gb,1
1000v,1
vxlan,1
nsx,1
1.experience,1
concurrent,14
$5m,1
2.five,1
3.experience,1
evidences,2
expending,2
controlling,2
4.ability,1
5.ability,1
6.ability,1
well-organized,5
7.strong,1
8.ability,1
9.professional,1
"â€¢	familiar",1
"â€¢	cad",1
inclusively,5
publicly,7
three-dimensional,2
sketchup,1
attend,5
weekend,6
"â€¢	clerical",1
"â€¢	cash",1
"â€¢	attention",1
americorps,1
peace,1
corps,1
systems:,4
degrees,7
federal/state/local,3
programmatic,13
experience/interest,1
sensitivity,4
eight,7
exceeding,4
$10 ,4
million,4
ccm,1
"2.	demonstrated",1
mayoral/non-mayoral,4
policies/discrimination,4
complaint,4
procedures/personnel,4
americans,1
disabilities,6
accessibility,11
uniform,1
employee,6
"3.	full-time",1
labor/industrial,4
personnel/human,4
"5.	ability",1
upon,6
h,2
communities:,14
immigrants,16
color,16
living,14
hiv/aids,1
lesbian,14
gay,14
bisexual,14
transgender,14
accommodations,12
pregnancy,12
religion,10
arrest,16
histories,16
nychrl,1
outdoors,1
interested,1
elevate,2
warrants,4
missing,4
fugitive,4
former,6
interns,1
gi,1
runs,2
comprehend,5
graphs,8
cross-disciplinary,2
turnarounds,2
"â€¢	willingness",1
tackle,2
â€¢at,1
â€¢direct,1
â€¢expertise,1
"	2",2
"	demo",1
journalism,9
news,2
messages,12
responsiveness,4
deadline-driven,6
exposure/familiarity,1
cutting-edge,2
photography,1
proofreading,4
storytelling,2
absolute,2
wms,1
ccrs,1
pts,1
acrs,1
vacancy,7
referral,1
cpr,1
docushare,1
e-mails,1
"efficiently,both",1
manipulate,10
industry-recognized,4
sufficiently,4
"â€¢	multilingual",1
developer,1
ado.net,1
2012/2014,4
ambulatory,11
nurses,11
2011,2
in-person,4
word-processing,6
conclusions,27
pieces,5
promotional,3
campaigns,8
newsletters,2
composting,2
recycling,4
chinese,1
russian,1
korean,1
haitian,1
creole,1
arabic,1
hindi,1
urdu,1
hebrew,1
"â€¢	lmsw",1
marriage,3
therapy,3
sociology,6
anthropology,2
survivors,1
offenders,1
time-frames,2
provided,10
trauma-informed,2
continuum,2
strength-based,2
"â€¢	thrives",1
participating,6
facilitating,4
"â€¢	participated",1
restorative,8
otherwise,2
exposure/knowledge,2
arborist,10
arboriculture,1
arborists,1
tree,2
preservation,4
pruning,2
establishment,6
insect,2
horticulture,1
rendering,7
"1.	4-year",2
"2.	3-10",2
"	advanced",1
"	project",1
"	demonstrated",3
gasb,1
retrieving,2
writing/building,2
classes,2
equity,23
hedge,2
funds,1
evident,2
vlookup's,1
prominently,2
peer,6
mediation,8
"â€¢	spoken",1
conversations,2
adults,11
writer/speaker,2
"â€¢	aptitude",1
"â€¢	assistant",1
bcs,1
"â€¢	quick",1
2008r2,1
integrity,23
deadlocking,4
optimization,1
profiler,1
detect,6
memory,4
i/o,1
contention,4
backups,4
restores,4
shrink,4
dbcc,1
commands,4
indexes,12
index,4
checks,4
stored,11
created,4
managed,3
dta,1
ssms,1
sac,1
sscm,1
perfmon,1
dmvs,1
sprocs,4
procs,4
views,13
triggers,3
acquaintance,4
spns,1
kbs,1
runbooks,4
tech,4
debugging,10
optimizing,8
code.,2
regression,8
black,1
white,1
â€¢demonstrable,1
later,6
failures,2
architects,6
delegate,2
prepared,2
resume,9
sheeted,4
trenches,4
manholes,2
underground,2
"â€¢	general",1
partial,4
jobs,6
"â€¢	research",1
disconnected,2
synchronization,2
stores,4
ee,1
microsoft.net,1
aspx,1
cobol,1
db2,1
restful,1
experiencing,1
logging,4
trails,2
promote,4
inventive,2
"$131,969 ",2
discrimination,3
undertaking,2
"â€¢	three",1
prefer,1
â€¢3+,2
portals,1
â€¢5+,6
mvc5,1
tsql,1
â€¢must,1
sdk,1
plugin,2
â€¢internally,1
find,4
ways,4
â€¢the,1
employing,5
definitions,4
sdlcs,1
â€¢team,1
â€¢should,1
notes,2
documentation/communications,2
â€¢understanding,1
prototypes,4
"1.	demonstrated",1
"2.	prior",1
"3.	solid",1
"5.	strong",1
"7.	ability",1
"8.	highly",1
"10.	ability",1
critically,10
"â€¢	written",1
recognize,6
proper,6
contrast,2
digitized,2
images,4
historical,2
manager/,1
engineer/construction,1
oa,1
investigator/,1
10-hour,2
mutcd,1
â€¢senior,1
contacts,4
occupational,6
confidently,2
â€¢comfortable,1
â€¢entrepreneurial,1
market,10
reform,2
policy-level,2
systemic,2
â€¢interest,1
community-police,2
choices,2
negatively,2
liberties,2
peopleâ€™s,2
lives,2
â€¢vision,1
james,1
blake,1
ccrb,1
fellowship,1
contribute,6
peoplesâ€™,2
documented,6
regions,2
art,6
radio,3
frequency,1
measurement,8
location,2
netmotion,1
â€¢three,1
recruitment,1
â€¢critical,1
demand,9
java/j2ee,1
j2se,1
jdk,1
xml/xslt,1
spring,1
webcenter,1
wsrp,1
portlet,1
pack,1
scheduled,8
"â€¢	understand",1
clarifying,2
"â€¢	learn",1
2003-2012,2
"â€¢	functional",1
apple,1
measures,6
project/audit,2
software/tools,2
"â¿	office",1
"â¿	history",1
"â€¢	mb2-704",1
"â€¢	mb2-707",1
"â€¢	mb2-712",1
"â€¢	mb2-716",1
"â€¢	mb2-717",1
"â€¢	70-480",2
"â€¢	70-483",2
"â€¢	70-486",2
mcad,1
mcsd,1
"â€¢	clear",1
scom,1
packs,2
upgrades,10
overrides/rules,2
vbscript,1
automate,2
aid,2
2008/2012/r2/2016/virtual,1
"â€¢	hands",1
beyond,4
dhp,1
gpo,1
deploy,2
patch,6
hardening,2
workloads,2
"â€¢	effective",1
communicator,8
interfacing,10
administration/support/engineering,2
solaris/linux/vmware,1
recommended,10
system/other,1
oracle/unix/linux,1
vsphere/esxi,1
5.1,2
5.5,2
structuring,1
throughput,2
concurrency,2
x,1
aix,1
subnets,2
conflicting,4
gravitas,1
measureable,2
unions,4
advocacy,10
8-Apr,2
unmanaged,2
customizing,8
built-in,2
add-ins,2
calling,2
integrations,4
ado,1
dependency,1
injection,1
cloud-service,2
amazon,1
service-based,2
aside,1
prospective,2
constant,1
cyber-attacks,2
committed,8
chemical,3
wear,6
half-face,4
full-face,4
respirators,8
self-contained,4
breathing,4
apparatus,4
scba,1
vehicles,3
"â€¢	any",1
v19,2
java-based,1
erp,1
mssql,1
developed,2
appointed,1
â€¢5,10
â€¢significant,1
partner,10
represent,11
â€¢proactive,1
broker/dealer,2
wi,2
budgetary/analytical,2
â€¢7+,2
years/in-depth,2
algorithms,2
â€¢successful,1
â€¢hands-on,1
attributes,2
target,12
â€¢solid,1
off-premise,2
â€¢database,1
establish/cultivate,2
multi-function,2
press,10
campaign,2
facebook,1
instagram,1
youtube,1
generate,12
impressions,2
increase,3
flawless,1
associations,4
universities,2
foundations,1
presence,2
plain,4
ambiguity,6
multilingual,2
comptrollerâ€™s,1
responsibilities,13
adjustment,2
disposition,2
lawsuit,2
doctor,1
litigating,2
autoturn,1
manuals,7
geometrics,1
pavement,1
marking,1
transit,3
bicycling,1
added,4
soliciting,2
negotiating,4
proposal,1
"â€¢	deep",1
vendorsource,1
ocp,1
ogs,1
assemblies,2
older,4
19th,2
20th,2
centuries,2
deterioration,4
distress,4
failure,4
catwalks,2
maneuver,2
spaces,10
peoplesoft,1
v9.2+,2
8.54+,2
peoplecode,1
sqr,1
patches,2
bundles,2
party,8
stat,1
fine,2
mover,1
designer,1
vista,1
scheduler,1
"1.	professional",1
equal,1
fair,1
"2.	proficient",1
assurance/testing,2
back-end/database,2
set-up,2
verification,2
mf,1
web-side,1
dates,2
package,4
outlines,2
interfaces/etl's,1
middleware,2
industry-standard,2
ibm's,1
rational,1
nyc's,1
consultations,3
consent,5
approval,7
rapid,7
inquiries,7
unforeseen,10
"â€¢	p.e",1
"â€¢	candidate",1
roadway,8
watermain,2
[minimum,1
requirements],1
3,4
gpa,1
qualifications,1
arrive,2
dockets,2
misconduct,2
"â€¢	demonstrable",1
exploring,2
legible,2
maintainable,4
"â€¢	javascript",1
ssis,1
tableau,1
concentration,5
contractual,9
agreements,6
ethically,1
minded,3
manag,2
favored,2
initiating,6
interdisciplinary,4
mediating,6
pioneering,8
intricate,8
stata,1
deeply,2
xsd,1
variations,2
pki,1
mappings,1
work-flows,1
cognos,1
facts,3
dimensions,1
repository,6
datashare,1
pip,1
"â€¢	knowledgeable",1
multi-dimensional,4
mining,8
edw,1
ods,1
dm,1
rolap,1
molap,1
back-end,4
r2,1
2012.experience,1
object-oriented,6
success:,2
conceptual,4
"7.	demonstrated",1
"8.	the",1
"10.	strong",1
"12.	project",1
"13.	ability",1
"14.	demonstrates",1
"15.	familiar",1
mcsa:,1
enhancement,4
comptroller,1
omb,1
cs-29d,1
bsh,1
commodity,2
victims,8
2014,12
pubic,2
inform,8
subsurface,4
corridor,1
spill,2
closure,4
hasp,1
fsp,1
mhp,1
rap,1
seqr/ceqr,1
30,12
hour,4
booklets,2
brochures,2
grades,2
k-12,1
technics,2
languages:,4
mandarin,1
cantone,1
"â€¢	well-organized",1
leverage,8
â€¢exemplary,1
"â€¢	hands-on",1
tools:,2
j2ee(java,1
struts,1
"â€¢	hibernate/jpa/ejb2/ejb3",1
jdbc,1
"â€¢	jqueryui",1
"â€¢	rational",1
clearcase,1
clearquest,1
"â€¢	web",1
developer/architect,2
opa,1
â€¢workflow,1
â€¢filenet,1
â€¢mainframe,1
â€¢kofax,1
3-Jan,4
preprocessing,2
compilation,4
meaningful,4
move,3
items,6
servicing,2
picking,2
"	prior",1
continuity/coop,1
wit,2
"â€¢	progressive",1
subjects,4
floodplain,2
credit,4
lending,6
stressed,2
distressed,2
sourcing,6
due,2
quarterly,2
annual,4
cfa,1
toward,2
earning,2
complaints,1
specified,12
feeding,2
volunteer,2
cultivating,2
productive,4
real-world,4
p.e,1
considere,2
high-priority,8
autocadd,1
experimental,2
quasi-experimental,2
census,1
bureauâ€™s,1
interviews,8
disseminating,2
mortem,2
machinery,4
machine,1
overhaul,2
powered,2
trucks,2
stenographic,1
dictation,1
adhering,3
pre-established,3
personnel/financial,1
transactions,5
sacrificing,8
pallet,1
jacks,1
skid,1
steers,1
upcoming,2
#8531,2
#8044,2
6/2/18,2
6/22/18,2
ten+,1
management/director,1
2.significant,1
4.demonstrable,1
5.deep,1
mitigation/,2
6.possess,1
actively,8
pursuing,2
gccc,1
gslc,1
7.knowledge,1
widely,4
cis,1
csc,1
9.track,1
10.excellent,1
tabular,2
graphical,6
representations,6
gathered,2
periodic,1
metric,2
rental,1
mortgage,2
effects,4
disasters,6
stock,2
diagnose,11
hardware/software,6
lan/wan/vpn/internet,1
etiquettes,2
xp/7,1
suites,2
diagnosing,6
recommending,6
ad,1
releases/upgrades,2
mcdst,1
mains,6
nycdep,1
segmentation,2
â€¢background,1
planning&,4
borough,1
queens,1
parking,4
statements,2
management/advanced,2
synthesize,22
45,2
line,4
reasonable,2
period,4
graduation,1
determining,2
haitian-creole,1
teens,2
management/planning,1
maturity,4
"â€¢	commitment",1
correction,1
stay,1
individualâ€™s,2
30-hr,2
last,3
calendar,2
students,4
geography/planning,2
administration/policy,4
si,1
itcs,1
nys-ogs,1
gsa,1
proceed,1
cp,1
mailings,2
event,1
brite,1
mail,1
chimp,1
stellar,1
conceal,2
covert,2
audio/video,2
everyday,4
household/business,2
traveling,1
con-trak,1
payrs,1
oes,1
mwbe,1
urgent,2
cbpr,1
backgroun,1
$2m,1
developer/administrator,1
2-Jan,2
versed,9
extraction,6
loading,3
extract,6
manually,4
multi-trade,8
normalization,1
cleansing,3
single,2
dataset,2
11g,10
toad,1
2016/2012/2008,2
hipaa,1
pci,1
â€¢relevant,1
â€¢working,1
â€¢technical,1
blue,6
prints,6
â€¢attention,1
â€¢osha,1
tribunals,4
vcp,1
forest,1
ou,1
folder,4
filtering,2
setup,4
defining,4
restore,4
registry,4
permission,2
profiles,7
root,1
cause,5
iis7,1
kerberos,1
ssl,1
vblock,1
sourcefire,1
npm,1
mcse/mcitp,1
"2.	relationship-builder",1
conveys,6
"3.	highly",1
scrutinizing,8
streamlining,10
"4.	mac",1
"5.	familiarity",1
interconnected,2
epidemiology,5
recognition,1
completeness,6
epidemiologists,2
analysts,6
advisors,2
systematic,2
promoting,2
epidemiologic,6
3-tier,2
proprietary,2
customized,4
out-of-the-box,2
unique,2
guiding,2
seeing,2
corrective,2
commitments/requirements,2
advise,4
"â€¢	aggressive",1
lifetime,2
24x7x365,4
departmental,7
adhere,9
regards,4
person's,2
"â€¢	masterâ€™s",1
appropriately,9
rollout,2
"â€¢	persistence",1
"â€¢	fiscal",1
â€¢master's,1
rfp,1
regulating,4
philanthropy,2
funders,2
indirect,5
workforce/training,2
ornamental,3
species,3
pesticide,1
applicator,1
3a,1
allied,2
"â€¢	two",1
spirit,6
stated,2
public-private,4
desired:,1
"â€¢	diversity",1
linkedin,1
attract,4
appreciation,6
workshops/trainings,2
handouts,2
institutions,12
demands,11
trainers,2
planners,8
capacity-building,2
experts,4
clinicians,8
cdc,1
longitudinal,6
matter,4
mixed,2
curve,2
di,2
district,1
southern,1
eastern,1
districts,3
appeals,1
second,5
circuit,1
vii,1
age,6
1937,2
weakness,5
drug,4
alcohol,4
subsidies,1
subsidy,1
"â€¢	bilingual",1
sills,2
jsp,1
apache,1
divisions,1
mobility,2
manipulation,6
displays,1
"â€¢	possession",1
project-management,6
evidenced,4
external-facing,2
maiic,1
seniority,2
â€¢natural,1
challenging,6
belief,2
succeed,4
variables,2
fact-based,2
innovatively,2
â€¢flexible,1
proposals,4
"â€¢	problem",1
skillful,2
sparq,1
stars,1
oehs,1
requirements/business,2
defined,5
pm,1
ordered,2
well-structured,2
"â€¢	all",1
transform,2
as-well-as,2
webforms,1
linq,1
asynchronous,3
multithreaded,1
studio.net,1
mcitp:,1
transformations,2
imanage,1
high-stress,3
"â€¢	responsive",1
disruption,2
persistent,2
respectful,2
confidences,2
"â€¢	imanage",1
8.5,2
docauto,1
underwriting,6
land-use,2
accessing,2
rooftops,2
basements,2
multi-level,2
professional/vendor,3
immediately,2
offer,5
eligible:,2
mta,1
mcts,1
mcdba,1
brain,1
bench,1
webmaster,1
ciw,1
multitude,6
positon,2
conceptualize,2
satisfy,4
pressured,2
strategically-minded,2
relationship-builder,1
modern,6
clientâ€™s,4
tririga,1
selection/specification,8
interior,4
finishes,4
interiors,4
welcomed,8
occupancy,4
consolidation/restack,4
"â€¢	proactive",1
reprioritize,8
frequently,8
literature,6
"â€¢	high-level",1
conveyance,4
sops,1
"2.	a",1
"1.	masterâ€™s",1
"2.	valid",1
h&h,1
computational,4
two-dimensional,2
swmm,1
infoworks,1
jmp,1
matlab,1
impacted,2
contributing,2
altitudes,4
clearance,4
fit,1
wearing,8
ppe,1
ã¢â‚¬â€œ,1
linkages,2
"â€¢	clearly",1
mathematics,1
specialization,2
data-oriented,2
empirical,4
econometrics,4
respective,2
disproportionately,4
burden,4
premature,4
identit,2
p.e.,1
still,2
prosecutorâ€™s,4
"3.	proficiency",1
"4.	highly",1
learners,3
lbgtq,1
religious,2
conviction,3
person,4
ada,1
conversation,2
caia,1
institutional,9
inclusion,1
bam,1
"â¿	3",1
"â¿	previous",1
"â¿	understanding",1
internet-based,1
juggle,6
bring,2
â€¢reliable,1
conscientious,2
â€¢positive,1
can-do,6
humor,4
go,4
extra,2
mile,2
7-May,2
resident,4
required:,1
pull,2
â€¢nys,1
qualitative/quantitative,2
multi-disciplinary,12
scaling,2
"1.	possession",1
installer,1
"2.	broad",1
"3.	hands-on",1
acf2,1
user-ids,2
reset,2
passwords,2
pension,1
tso,1
ispf,1
jcl,1
high-end,2
advances,2
policies/practices,2
dserie.s,1
ims,1
transfer,4
ftps,1
connect:direct,1
puity,1
winscp,1
ms-word,1
peopiesoft,1
guide,7
lines,3
medicaid,1
"â€¢	clinical",1
"â€¢	public",1
heart,2
stroke,2
chronic,4
high-profile,2
fundraising,4
grant-writing,2
"â€¢	keen",1
gardening,1
conducting/facilitating,4
interagency,6
forge,4
â€¢2+,4
analytical/strategic,4
demographic,4
socioeconomic,4
zoning/land,4
â€¢community,1
charrettes,4
â€¢retail,1
retail,4
leakage,4
â€¢place-making,1
activation,4
â€¢program,1
metrics,12
measure,9
outputs,4
â€¢graphic,1
â€¢fluency,1
emails,6
memos,11
journalistic,6
"2.	nys",1
"3.	minimum",1
"4.	intermediate/advanced",1
restrictions,6
qualify,2
180,4
demonstration,2
targets,2
j.d,1
prosecutors,2
penal,1
highest,1
ethical,10
seasoned,1
photographer,2
telling,2
supplementing,2
snapchat,1
expand,2
imagery,2
pressures,2
evolving,4
incidents,6
â€¢minimum,1
spinal,4
cord,4
injuries,4
medicare,1
1618b,1
â€¢possess,1
titles,4
vocational,4
supports,4
trainings,12
workforce1,1
city/state,4
â€¢superior,1
â€¢performs,1
fields:,4
documents/data,4
"â¿	clerical",1
"â¿	basic",1
"â¿	cash",1
"â¿	attention",1
"â€¢	design",1
corporate/office,2
renovations,2
escalation,2
effect,6
match,2
routing/switching,2
otv,1
ng,1
ltm,1
gtm,1
stretch,2
datacenters,1
ntp,1
radius,1
gslb,1
inter-agency,2
adaptations,2
mixed-use,2
committees,2
ulurp,1
consulting/change,1
coordination/multi-stakeholder,2
administration/policy/nonprofit,2
city/public,1
anytime,2
day,6
dell,1
oem,1
guides,2
"â€¢	hardware",1
pcâ€™s,1
modify,6
memberships,2
customer-service,4
team-oriented,9
progressive,6
global,2
lake,2
view,2
real-time/near,2
movement,2
partitioning,4
channels,6
multidimensional,2
star,2
snowflakes,2
normalized,2
de-normalized,2
slowly,2
dimensions/attributes,2
cdl-b,1
atmosphere,6
displaying,2
enhance,2
mitratech's,1
connect,1
3.2/4.2,2
initiation,2
11g/12c,1
mitratech,1
technical/business,1
end-user,2
component,4
descriptions,4
critical/analytic,1
escalate,2
servlets,1
struts/spring,1
birth,2
includi,2
employ,2
misuse,1
another,14
a.b.a,1
character,3
condom,2
distribution-related,2
bhiv,1
result,2
sexuality,2
infant,3
turn-around,2
"â€¢	4-6",1
wfm,1
"â€¢	itil",1
on-call,5
helpdesk,1
"â€¢	implemented",1
implemented,1
first,5
rates,1
"â€¢	developed",1
surrounding,1
consolidation,1
on-going,2
cooperating,2
shared,6
professional/ethical,2
mainly,2
macafee,1
airbus,1
cpe,1
psap,1
intermediate,1
restoration/re-image,2
repairing,2
printer,4
after-hours,2
met,6
high-paced/high,4
questioning,4
sustainment,2
telecommunications,4
timeliness,3
self-directed,6
"	excel",1
"â€¢	detail",1
mdm,1
"â€¢	some",1
time-management,14
enforce,1
device,5
brm,1
seeks,2
scoring,3
"â€¢	both",1
collaborator,3
influencer,3
"â€¢	ten",1
"â€¢	five",1
"â€¢	four",1
establishing,4
leads,4
enabled,2
abode,1
transportation's,2
supervise,3
maximum,2
kn,2
redesign,1
value-based,2
"	familiar",1
oasas,1
gaap,1
m/wbe,1
minority,2
appraise,2
precedents,2
uniformly,2
intellectual/developmental,4
abuse/chemical,2
dependency/alcoholism,2
agreement,2
interoffice,2
words/minute,2
easily,4
"3.	history",1
"â¿	three",1
policy/research,2
"â¿	possess",1
"â¿	familiarity",1
"â¿	work",1
"â¿	simultaneously",1
"â¿	build",1
â€¢communications,1
cross-organizational,4
vis,4
judgement,8
â€¢previous,1
â€¢foreign,1
10.ability,1
supervisors,2
nonprofits,2
â€¢established,1
cmms,1
o&m,1
supplies,2
quotes,2
replacement,1
gauges,4
recording,2
diagnostic,2
top,4
"â€¢	military",1
"â€¢	related",1
"â€¢	creativity",1
"â€¢	refined",1
"â€¢	customer-centric",1
"â€¢	analytical",1
yorkâ€™s,1
calls,3
surveying,1
stations,1
collectors,1
gps,1
survey-related,2
instruments,2
computations,2
deeds,2
run,2
directorâ€™s,1
absence,2
win,1
shifting,2
modalities:,2
plc,1
terminal,1
oit,1
hmi,1
"â€¢	(with",2
interfaces.,2
ifx,1
wonderware,1
rockwell,1
rs,1
logix,1
5000,2
touch,1
modicon,1
quantum,1
ge,1
cimplicity,1
fix,1
ionics,1
genesis,1
pi,1
historian,1
opc,1
factory,1
as:,2
ultrasonic,2
fiber/media,2
converters,2
serial,1
accident,2
"	exceptional",1
k,1
bi-lingual,1
reliable,1
"â€¢	social",1
macros,2
"â€¢	intermediate",1
cartodb,1
leaflet,1
querying,19
accelaâ€™s,1
"â€¢	entrepreneurial",1
forums,2
"â€¢	more",1
and/supporting,8
"â€¢	scheduling",1
client-server,1
"â€¢	ms",1
project/ms,1
office/windows,1
framework/environment,8
powerbuilder,1
certifcation,2
"â€¢	formal",1
consisting,2
20,4
third,4
scrum/kanban/,1
4,2
innotas,1
conversions,2
confidentially,4
"1.	the",1
#li-post,1
"â€¢	capability",1
peripheral,2
on-the-job,2
policy-related,2
tolerance,2
"â€¢	considerable",1
regular,6
mathematical,3
dashboards:,2
qlikview,1
programming/software,2
practitioner,1
medicine,1
well-child,2
requires:,2
innovations,2
clock,2
sustain,4
aligned,2
values,4
"	a",2
tape,2
i.e.:,2
bedcâ€™s,1
funded,4
statisti,2
regularly,4
grounding,2
"â€¢	it",1
conversational,2
lexis-nexis,1
â€œessential,2
â€œpositions,2
"â€¢	mastery",1
wordpress/rss,1
blog,2
film,4
finalcut,1
"â€¢	email",1
mailchimp,1
rcny,1
em,2
utilized,4
hearings,4
high-volume,4
attorneys,1
specialists,8
allocation,4
portfolios,2
example:,2
income,1
tax,5
vouchers,1
"â€¢	leadership",1
building:,1
cultivate,2
enforcing,2
"â€¢	solutions-driven",1
entrepreneurial:,1
nextgeneration,1
nycha,1
revenue,2
communicator:,1
discernment,2
"â€¢	data-driven",1
manager:,1
hard-working,2
excited,2
undergoing,2
bare,2
metal,2
installs,2
str,1
historically,2
racial/ethnic/religious,2
genderqueer,2
perceived,2
belong,2
muslim,1
arab,1
south,1
asian,1
jewish,1
to:,13
cantonese,1
kreyol,1
wolof,1
bambara,1
twi,1
mandinka,1
soninke,1
susu,1
dioula,1
hausa,1
ewe,1
attorneysâ€™,1
"â€¢	community",1
translating,2
pamphlets,2
"â€¢	2-4",2
prosecution/defense,3
although,3
experiences:,9
b.a,1
b.s,1
ten(10+,1
externally,1
e-justice,1
],2
posses,7
punctual,3
might,2
liaison,2
sr,1
busy,4
however,4
secretary,2
qualities,2
cleaning,10
"â€¢	graduate",1
major:,1
summer,1
june,1
thru,4
july,1
ages,1
17-Dec,4
"â€¢	bi-lingual",1
english/mandarin/cantonese,1
english/french,1
"â€¢	undergraduate",1
juniors,3
seniors,6
death,1
"â€¢	successfully",1
commute,2
anti-discrimination,2
rights-related,2
deposition,2
testimony,6
tenants,2
recipients,2
alm,1
runner,4
vb,1
are:,4
tests,6
goal,4
100%,4
elder,2
"â€¢	ma",1
english/spanish/russian/mandarin,1
sector-based,2
inquiry,2
infectious,2
att,2
possesses:,2
clerical/administrative,2
nychaâ€™s,1
"7.	excellent",1
consistently,4
"9.	attentive",1
customer-interface,2
"â€¢	masters",1
cia,1
u,3
certain,12
acceptable:,2
superficial,2
preprogrammed,2
held,6
calculator,2
updating,4
consoles,2
qgis,1
sexually,2
transmitted,2
chart,2
mpa/mpp,1
"â€¢	substantial",1
policies/strategies,2
behavioral,8
familiarized,2
team/,2
paying,4
persistence,1
multi-faceted,2
embrace,4
pioneer,4
constituency,4
non-governmental,6
supportive,4
contributes,2
rapidly,10
bullets,2
68,2
examining,2
cross-examining,2
witnesses,2
trials,2
conflict-management,2
utmost,2
transmission,2
sociopolitical,2
ryan,1
it/financial,1
yet,2
end-ta-end,2
input,6
teammates,2
participants,2
exception,2
executed,2
fisa,1
ifa,1
payee,1
courseware,2
elearning,1
captivate,1
50,5
college/university,2
tot,2
occasional,8
alternate,2
"â€¢	detailed",1
"â€¢	experienced",1
m/wbes,1
intergovernmental,6
"â€¢	exemplary",1
multitasking,6
34,2
#7041,2
isaca,1
"â€¢	nine",1
server-based,2
consortia,2
performance-based,2
language(s,4
electronics,1
municipalities,2
intimately,2
fcc,1
integrated,1
authoritative,4
well-versed,4
preparing/presenting,2
executive-level,2
briefings,4
kit,1
unitâ€™s,1
on-line,1
onsite,1
mold,2
abatement/remediation,2
inspector/,1
30-hour,4
removal,8
abatement,8
condition,6
prevent,4
face,4
seal,4
respirator,4
administered,4
â€¢past,1
â€¢client,1
â€¢self-motivated,1
infopath,1
definition,4
handicapping,2
family-centered,2
intervention,3
"â€¢	passed",1
admitted,6
date,4
westlaw,1
cplr,1
elderly,2
non-english,1
speakers,2
freedom,1
officers,1
â§87,1
et,2
seq.,2
"â€¢	work",1
lexis/nexis,1
planning/engineering,2
ares,1
prism,1
ecosys,1
â€¢management,1
â€¢analysis,1
forecasting,2
baud,1
â·a,1
crimes,8
â·proven,1
â·strong,1
â·demonstrated,1
moderation,2
personally,2
conventions,2
hashtags,2
lingo,2
measurements,2
"â€¢	photography",1
dreamweaver,1
cut,1
blogs,2
podcasts,2
16,2
2006,2
bsl-3,1
requisite,2
research/surveillance,2
gaps,5
underlying,4
efficiencies,5
overlap,3
til,1
breakdown,1
smaller,3
manageable,3
mate,1
inland,1
gross,1
tons,1
pace,4
"â€¢	integrity",1
imbue,4
"â€¢	strategy",1
consequences,6
accordingly,6
"â€¢	data-focused",1
solutions-driven,1
"â€¢	superb",1
expertly,4
"â€¢	goal",1
complexity,3
buildingâ€™s,1
geologist,1
respiratory,1
"â€¢	successful",1
design/architecture,2
frames,4
"â€¢	licensed",1
ivalua,1
ariba,1
emptoris,1
tactics,4
spend,1
hearing,2
"	five",1
benefit,4
participant,2
modernization,2
microsoft:,1
dycdâ€™s,1
"1.	leadership",1
"2.	litigation",1
arguments,2
"3.	negotiation",1
artfully,2
agencyâ€™s,5
"1.	admission",1
"3.	an",1
bonus,2
understood,2
record-keeping,1
"â€¢	paralegal",1
10-Aug,2
"2.	juris",1
"4.	highest",1
"5.	supervisory",1
"6.	proven",1
units,3
"â€¢	4",1
briefing,2
fielding,1
articulating,1
project/program,3
end-point,1
perimeter,1
"â€¢	flexible",1
comfortably,1
8-May,2
servicenow,1
intensive,2
finding,2
avoid,2
rather,2
fixing,2
fact,2
esm,1
react,2
calmly,2
reactions,2
business-friendly,2
user-friendly,5
auto-ticketing,2
either:,2
s/he,2
professional/technical,2
"	ma/ms",1
ba/bs,1
succinctly,6
ready,2
moving,2
server-side,4
ruby,5
versioning,2
git,1
couchdb,1
node.js,1
express.js,1
rule,2
drools,1
"â€¢	bachelor's",1
preparedness,3
instructed,2
kendra's,1
litigator,2
aot,1
greatly,2
appreciated,2
affirmative,2
specializations,4
arbitration,2
impartiality,2
protect,2
soc,1
csirt,1
cert,1
ids/ips,1
penetration,2
"	previous",1
"	formal",1
"	incident",1
"	an",1
software/hardware,2
"	active",1
rotational,2
weekday/weekend,2
coverage,2
corrections,3
malware,2
"	understanding",1
osx,1
"	security",1
"	host",1
"	certifications:",1
gcia,1
gcih,1
gcfa,1
ghfi,1
gnfa,1
grem,1
"â€¢	office",1
mortality,1
severe,1
morbidity,1
evidence-based,2
participatory,2
e.g.office,1
vital,3
prams,1
salient,1
hospital-based,4
sudaan,1
"â€¢	passion",1
bs,1
reverse,2
mobile/embedded,1
rtos,1
kernel,1
constraint,1
exploit,2
9/1/01,2
disclosure,2
bug,2
low-level,4
qualcomm,1
intel,1
arm,1
atmel,1
freescale,1
devices/iot,1
built,6
embedded,6
vxworks,1
mbed,1
qnx,1
bluetooth,1
zigbee,1
802.11,2
countermeasures,2
strongest,3
cross-platform,2
sides,2
fence,2
defeating,2
work-collaboration,2
layman,2
ddos,1
insider,2
exfiltration,2
could,4
threats,4
adversary,2
easily-understood,2
opinions,4
team-focused,2
mentality,2
visibility,2
statutory,2
imposed,2
foil,1
disputes,2
agency-related,2
quirks,2
workarounds,2
framework/toolkit,2
dojo,1
knockoutjs,1
reactjs,1
page,2
crowdstrike,1
sophos,1
devops,1
apis,1
smtp,1
tcp,1
udp,1
templating,1
puppet,1
chef,1
workstation,2
bash,1
wmi,1
consider,2
trade-offs,2
normal,2
accommodate,2
ccsp,1
"â€¢	firsthand",1
mvvm,1
razor,1
api/restful,1
4-Feb,12
services:,1
team-driven,2
institution,3
intense,9
development/integration:,2
applications/systems,2
data/information,2
xslt,1
program/project,2
certified/certified,1
master/,1
removing,2
obstacles,2
chase,2
loose,2
ends,2
ambiguous,2
metropolitan,2
rf,1
ip/wireless,1
antennae,2
receiving,4
transmitting,2
wired,2
backhaul,2
spectrum,2
l2/3,1
on-scene,2
point-to-point,1
links,2
lmr,1
repeat,2
uhf,1
vhf,1
re-engineering,2
software;fcc,1
"1.	expert-level",1
infrasturcut.re,3
"3.	ability",1
"4.	extreme",1
"7.	familiarity",1
roadways,5
parks,1
lcmsw,1
trauma-related,2
â€¢2,2
streams,2
transactional,2
study:,1
bluebeam,1
"o	title",1
1992,2
"o	the",1
paint,4
745,2
lead-based,4
lead-contaminated,1
dust,1
1910.1025,2
1926.62,2
"o	new",1
poisoning,1
known,4
27,2
sub,1
14,2
2004,2
ll1,1
"â€¢	3-5",2
practicing,4
proposing,2
aide,2
entitlement,2
housing/community,2
goods,2
standardized,2
"â€¢	awareness",1
minority/women-owned,1
favorable,5
maternal/infant/reproductive,2
obstetrics,1
gynecology,1
ar,2
runtime,1
cartographic,2
metadata,4
esri`s,1
geo-processing,2
ordnance,1
survey`s,1
transport,1
analytically,3
ip-based,1
lte/4g,1
considerations,2
subsystems,2
cloud-hosted,2
petabyte,2
robust,2
fedramp,1
"$131,969):",4
bloomberg,1
subscription-based,2
non-financial,2
publicly-traded,2
companies,2
knowledge/expertise,1
nj,1
bereaved,2
compassionate,2
abmdi,1
medicolegal,1
investigators,1
lingual,1
:,4
fintech,1
incomes,4
passion,2
self-sufficiency,2
"â€¢	meticulous",1
timekeeper,1
office-access,1
"â€¢	comptia",1
"â€¢	sla",1
environmental/public,2
high-quality,2
city/new,1
emissions,4
knowledge:,1
publi,2
corporation,1
mayors,1
comptroller's,1
procur,2
mobilization,2
"â€¢	human",1
"â€¢	systems",1
"â€¢	adept",1
applications:,4
"â€¢	positive",1
exams,2
centralâ€™s,1
constituents,4
arts,15
windows-based,1
nontechnical,1
blending,2
considerable,1
diabetes,1
lifestyle,1
/master,1
partners/stakeholders,2
bronx,1
publisher,1
"â€¢	7+",1
velocity,2
heterogeneous,2
cloud-based,5
ingesting,2
normalizing,2
makers,4
â€“to-spanish,1
translator,2
navigational,2
linking,2
html/css,1
seo,1
sketch,1
cc,1
prototyping,2
invision,1
stong,1
reporters,4
calming,4
"â¿	ability",1
"â€¢	very",1
"â·	knowledge",1
"â·	experience",1
"â·	ability",1
"â·	strong",1
"â·	excellent",1
"â·	effective",1
â€¢execution,1
solution-oriented,2
2012/2016,8
dfs,1
filter,2
multi-domain,1
2008/2012/2016,3
answers,2
his/her,2
blackberry,1
pertain,2
assisted,2
expedited,2
warranted,2
i:,1
concentrating,12
ii:,1
iii:,1
"â€¢	windows",1
"7,10",2
"â€¢	pcoip",1
"â€¢	helpdesk",1
track-it,1
"â€¢	audio",1
exterity,1
"â€¢	call",1
nice,2
"â€¢	ios/android",1
nyc-based,1
"â€¢	works",1
reaching,2
femaâ€™s,1
"	management",1
structur,2
extensible,2
jqueryui,1
telerik,1
web/desktop/mobile,2
wpf,1
3.0-5.0,2
nhibernate,1
css2,1
ui/ux,1
early-childhood,2
maternal-child,2
â€¢computer,1
proficiencies,4
â€¢accuracy,1
â€¢keen,1
shelf,2
cots,1
builders,2
xaml,1
styles,1
c++,1
reusable,2
gateways,2
dbs,1
uspsã¢â‚¬â¦etc,1
"1.	familiarity",1
geodatabases,2
"6.	organized",1
sanitarian,1
"â€¢	posses",1
certification(s,2
cma,1
"â€¢	this",1
create/execute,2
utilities/public,2
"â€¢	conflict",1
in:,4
linux/unix,1
switches/routers,1
riverbed,1
sever,1
management/monitoring,2
creating/presenting,2
orthopedics,1
v3/2011,2
optimize,2
ci,1
itom/orchestration,1
tools/integrations,2
"â€¢	architecture",1
"â€¢	large",1
"â€¢	service",1
sciencelogic,1
vertical,2
restaurant,4
spoken,2
outsourced,2
7.3,2
7.i,1
lpar,1
experiences,3
patrol,1
9.2,4
techno-functional,2
full-lifecycle,2
ben,1
admin,1
hcm,1
arcgjs,1
detail-orientation,2
officer,1
cpl,1
â§1.20,1
nypd,1
narcotics,4
trafficking,6
money,2
laundry,2
violent,4
hate,4
gangs,2
witness,1
gun,1
buy,1
intimate,1
staten,1
islandâ€™s,1
10-hr,4
physically,7
uneven,4
surfaces,4
climbing,4
flight,4
"â€¢	associateâ€™s",1
"â€¢	qualifying",1
programmer,2
"â€¢	7",1
"â€¢	3",2
4.0/4.5+,4
mvc4+,1
cubes,2
qi,1
q,1
"1.	an",1
"5.	must",1
driversâ€™,2
service:,1
"â€¢	ticket",1
monitoring:,1
queue/email,2
pro-actively,2
"â€¢	hardware/software",1
support:,1
windows/server,1
xp/7/8/10,1
"â€¢	network",1
troubleshooting:,1
"â€¢	wireless/mobile",1
"â€¢	communication",1
collaboration:,1
"â€¢	documentation:",1
"â€¢	special",1
projects:,1
"â€¢	analysis:",1
jurisdictions,2
country,2
custody,2
offender,2
agency-wide,2
japanese,1
farsi,1
vietnamese,1
pashto/dari,1
moves,1
emission,1
cal3qhc/r,1
dispersion,1
aermod,1
stationary,1
dar1,1
toxics,1
tnm,1
2.5,2
assure,2
comptrollers,1
#2,2
2003/2008/2012,2
said,2
excavations,2
demolitions,2
suppression,2
stops,2
egress,2
fieldwork,6
determination,4
testifying,8
violations,4
non-compliance,4
informal,1
instructional,3
copyediting,1
outcome,3
student,5
achievement,1
tenacious,1
propensity,1
persevere,1
mayorâ€™s,1
sta,4
graduate/graduate,1
roi,1
experiential,2
classroom,10
engineering/architectural,2
construction/reconstruction,4
damages,4
take-offs,4
wellbeing,1
"â€¢	5",2
hibernate,1
uml,1
git/,1
subversion/cvs,1
socrata,1
sas/spss,1
self-disciplined,3
imperative,4
bureau-wide,1
sprinkler,2
technically,8
determinations,6
multi-family,6
drawings/plans,6
conducted,6
"css,html",1
"â€¢	strongly",1
dfta,1
"â€¢	prefer",1
white-collar,2
warrant,2
"â€¢	easily",1
growing,2
sectorâ€™s,2
pathways,2
break,1
forward,2
qualifications:,1
management/organizational,1
urban/regional,1
operations/technology,1
secondary,1
must:,1
excellent/high,2
fluently,2
"â€¢	management",1
"â€¢	enterprising",1
"â€¢	energetic",1
effectuate,2
â€œeeoâ€,1
exhibits,2
medium-complexity,2
laborers,2
graphics/pivots,2
merging,2
inferential,2
detailing,2
fatality,4
hseep,1
participation,10
finalization,2
full-scale,4
encompass,4
preparedness/prevention,2
copy,6
manuscripts,4
reviewed,4
published,4
immediate,4
supervisorsâ€™,4
clientsâ€™,4
names,4
affiliations,4
addresses,8
andknowledge,2
creatic,2
familitiarity,1
700,2
800,2
wmd,1
"1.	cdl",1
"2.	hazmat",1
"3.	must",1
volumes,2
hazmat,1
exceptionally,2
sbs's,1
grammar,2
actuarial,2
credential,2
fellow,1
actuaries,1
proval,1
self-motivator,2
convene,2
cross-sector,2
workgroups,2
"â€¢	share",1
"1.	proficiency",1
yearâ€™s,2
elevator,8
leader/,2
and/,2
vehicle's,2
since,2
visited,2
advisories,2
op-eds,2
editors,4
fact-check,2
legislations,2
topics,4
"â€¢	rigorous",1
post-graduate,2
"â€¢	accounting",1
enjoy,2
milestone,2
written/oral,2
acd,1
exony/,1
calabrio,1
tenant,6
coop,1
workshop,2
ta,1
spanish-speaking,1
s3,1
redshift,1
lamda,1
ec2,1
pandas,1
glue,1
"â€¢	past",1
repositories,2
github,1
bitbucket,1
gitlab,1
"â€¢	current",1
â€¢advanced,1
charts/graphs,2
â€¢open,1
technology/systems,2
â€¢flexibility,1
transit-oriented,2
block,1
cdbg-dr,1
â€¢vendor/contract,1
pedestrian,2
ramp,2
motorized,2
metering,2
contingency,4
"â€¢	intricate",1
appointees,2
videos,2
four-year,2
al,1
significate,2
appeared,2
toolset,2
exhibited:,2
self-management,1
intern,2
asked,2
join,2
"â€¢	competent",1
scientists,2
programmatically,2
routine,2
jurisdiction(s,2
dop,1
speaking/teaching,2
lotteries,4
apartments,4
homes,4
gis/mapping,1
interest/familiarity,1
candidates:,2
majoring,4
policy/administration,2
business-related,2
precincts,1
commanding,1
powerpoint:,1
majors,1
2018,5
delinquency,8
prosecution/criminal,1
ada/ausa/aag,1
ss,1
sd,1
st,1
osa,1
ppo,1
rcv,1
mal,1
cmmi,1
iso27001,1
iso20000,1
gcc,1
nfom,1
sas70,1
sox,1
transformational,2
inspires,2
motivates,2
aligns,2
alliances,2
"â€¢	engineering",1
/autocad,1
"â€¢	majors",1
"â€¢	statistical",1
"â€¢	skilled",1
succes,2
conventional,2
position:,2
combustion,4
spray,2
booths,2
dry,2
cleaners,2
measuring,2
impart,2
fleet,1
doctoral,1
genuine,2
dut,3
ies,3
"4.	creative",1
"7.	adobe",1
"8.	knowledge",1
latitude,1
nyc/dep,1
construction/repair,2
means,1
extended,2
â·â ,1
matriculated,2
rising,2
fourth,2
traits,3
4-8-year,2
ëœlanguage,1
communicat,2
microsoft's,1
business/information,1
skills/area,1
"â·	at",1
â tax,1
cta,1
bit,1
"â·	demonstrated",1
twelve,2
lgbtq,1
salary:,1
non-conforming,2
immigrant,2
5-Feb,2
designers,2
"â€¢	obiee",1
erwin,1
odi/informatica,1
8.1/10.0,2
citrix/xen,1
emc/vnx,1
ironport,1
proxy,1
clearswift,1
networker,1
non-legal,2
misclassification,2
taleo-peoplesoft,1
taleo,1
peopletools,1
8.54,2
transitions/onboarding,1
onboarding,1
15.a,1
14b,1
demonstrations,2
oftaleo,1
org,1
olf,1
csw,1
templates,1
requisition,1
questions/skills,1
questionnaire,1
fit/gap,2
taleo/peoplesoft,1
uat,1
ps/query,1
testing/validating,2
group/committee,2
eg,2
locksmith,2
cargo,2
van,2
sec,1
applicantions,1
triage,1
environment.â€¢,4
infrastructure.â€¢,4
systems.â€¢,4
environments.â€¢,4
dns.â€¢,1
goverlan.â€¢,1
contact.â€¢,4
associate's,1
sign,1
login,1
zone,1
pecos,1
solutions-oriented,2
wo,1
sketches,2
high-paced,1
arts/arts,2
briefs,2
services/asset,1
pension/mutual,1
carry/use,2
sop,1
slaâ€™s,1
procedures/databases,1
"1.	college",1
"2.	fluent",1
"4.	valid",1
to.work,1
crew,1
"2.	good",1
"3.	demonstrate",1
transparency,2
legislating,2
sincere,2
equitable,2
resourcefulness,1
4.5,2
media-related,3
teenagers,3
after-school,3
digital/media,3
dissemination,3
docs,1
bts,1
fairtax,1
recreation,3
sport,3
daktronics,1
hy-tek,1
finishlynx,1
"3.	willing",1
inclement,3
"4.	considerable",1
"7.	considerable",1
locate,3
correct,3
malfunctions,3
"10.	skill",1
"11.	ability",1
semi-independently,1
"1.	ability",1
"3.	bachelorâ€™s",1
"4.	proven",1
outdoor,3
hike,3
kayak,3
"7.	valid",1
"3.	certification",1
"6.	proficiency",1
"7.	driver",1
"2.	proactive",1
"7.	a",1
ubt,1
qei,1
substituted,2
â€¢understands,1
combine,2
photos,2
story,2
â€¢capacity,1
honing,2
â€¢discretion,1
â€¢possesses,1
â€¢demonstrates,1
â€¢spanish,1
â€¢video,1
production/editing,2
sprinkler/standpipe,1
"â€¢	maturity",1
poise,2
transparent,2
inclusive,2
"â€¢	capable",1
"""managing",2
"across""",2
"â€¢	people",1
incarceration,2
landcad,1
vectorworks,1
lde-2,1
desktop-based,2
"â€¢	being",1
hra,1
refrigeration,1
rmo,1
unlimited,1
cfce,1
x-pert,1
grand,1
jury,1
proceedings,2
criteria:,2
"â€¢	preferably",1
1000,6
kilo-volt,1
amperes,1
"""kva""",1
alteration,3
altered,3
kva,1
34-05,3
provisions,3
pertains,3
70,3
absorb,1
concepts/training,1
technician,2
supported,2
train,5
2700x,1
editor,2
crane,4
cranes,4
analysis/design,2
asce-7,1
37,2
adept,1
mock-ups,2
"amperes(""kva""",1
candidateâ·must,1
enhancing,2
lims,1
loss,2
written/verbal,2
queensâ€™,1
efficacy,1
multi-disciplined,1
forum,1
consensus-building,1
writing/oral,2
conveying,2
mine,2
dissect,2
papers,2
bias,2
1)a,1
projector,1
extensively,1
suite:,1
court-related,1
accompli,2
patrolman,1
moral,1
citizenship,1
21,1
felony,1
serious,1
offense,1
park,1
ranger,1
beach,1
meticulous,2
keyboard,2
strokes,2
arms,1
sqm,1
easa,1
bsd,1
im,1
migrating,1
premise,1
"â€¢	desire",1
manages,1
coworkers,1
"â€¢	project/program",1
non-it,1
"â€¢	personnel",1
"â€¢	demand",1
"â€¢	information",1
abilities:,1
"â€¢	make",1
push,1
back/move,1
"â€¢	gather",1
"â€¢	communicate",1
"â€¢	generate",1
"â€¢	interact",1
internal/external,1
"â€¢	manage",1
"â€¢	interface",1
year's,2
fidelity,2
managerial/supervisory,1
sufficient,1
outlined,1
reviewers,1
jd/mpa/ms,1
lobbying,2
work-ethic,2
unrestricted,2
promptly,1
hra/irea,1
iris,1
viewer,1
pos,1
acris,1
accis,1
assimilate,1
suspicion,1
surveillances,1
prefers,2
"3.	demonstrated",1
"4.	familiarity",1
hse,1
"4.	proficiency",1
"5.	spanish",1
trained,2
numerical/data,1
"2.	proficiency",1
e-requester,1
rfid,1
tagging,1
"	possess",1
affinity,2
attach,2
nycecc,1
courteous,1
entry/ability,2
prea,1
decrees,2
lexus,1
hpdinfo,1
inmate,4
women's,2
2010/2013/2016,1
e3,1
e5,1
prosecutorial,2
defense,2
30lbs,1